This is XeTeX, Version 3.141592653-2.6-0.999993 (TeX Live 2021) (preloaded format=xelatex 2021.4.25)  22 SEP 2022 23:05
entering extended mode
 restricted \write18 enabled.
 file:line:error style messages enabled.
 %&-line parsing enabled.
**team5.tex
(./team5.tex
LaTeX2e <2020-10-01> patch level 4
L3 programming layer <2021-02-18>
(/usr/local/texlive/2021/texmf-dist/tex/latex/beamer/beamer.cls
Document Class: beamer 2021/03/19 v3.62 A class for typesetting presentations
(/usr/local/texlive/2021/texmf-dist/tex/latex/beamer/beamerbasemodes.sty
(/usr/local/texlive/2021/texmf-dist/tex/latex/etoolbox/etoolbox.sty
Package: etoolbox 2020/10/05 v2.5k e-TeX tools for LaTeX (JAW)
\etb@tempcnta=\count175
)
\beamer@tempbox=\box47
\beamer@tempcount=\count176
\c@beamerpauses=\count177

(/usr/local/texlive/2021/texmf-dist/tex/latex/beamer/beamerbasedecode.sty
\beamer@slideinframe=\count178
\beamer@minimum=\count179
\beamer@decode@box=\box48
)
\beamer@commentbox=\box49
\beamer@modecount=\count180
)
(/usr/local/texlive/2021/texmf-dist/tex/generic/iftex/ifpdf.sty
Package: ifpdf 2019/10/25 v3.4 ifpdf legacy package. Use iftex instead.

(/usr/local/texlive/2021/texmf-dist/tex/generic/iftex/iftex.sty
Package: iftex 2020/03/06 v1.0d TeX engine tests
))
\headdp=\dimen138
\footheight=\dimen139
\sidebarheight=\dimen140
\beamer@tempdim=\dimen141
\beamer@finalheight=\dimen142
\beamer@animht=\dimen143
\beamer@animdp=\dimen144
\beamer@animwd=\dimen145
\beamer@leftmargin=\dimen146
\beamer@rightmargin=\dimen147
\beamer@leftsidebar=\dimen148
\beamer@rightsidebar=\dimen149
\beamer@boxsize=\dimen150
\beamer@vboxoffset=\dimen151
\beamer@descdefault=\dimen152
\beamer@descriptionwidth=\dimen153
\beamer@lastskip=\skip47
\beamer@areabox=\box50
\beamer@animcurrent=\box51
\beamer@animshowbox=\box52
\beamer@sectionbox=\box53
\beamer@logobox=\box54
\beamer@linebox=\box55
\beamer@sectioncount=\count181
\beamer@subsubsectionmax=\count182
\beamer@subsectionmax=\count183
\beamer@sectionmax=\count184
\beamer@totalheads=\count185
\beamer@headcounter=\count186
\beamer@partstartpage=\count187
\beamer@sectionstartpage=\count188
\beamer@subsectionstartpage=\count189
\beamer@animationtempa=\count190
\beamer@animationtempb=\count191
\beamer@xpos=\count192
\beamer@ypos=\count193
\beamer@ypos@offset=\count194
\beamer@showpartnumber=\count195
\beamer@currentsubsection=\count196
\beamer@coveringdepth=\count197
\beamer@sectionadjust=\count198
\beamer@tocsectionnumber=\count199

(/usr/local/texlive/2021/texmf-dist/tex/latex/beamer/beamerbaseoptions.sty
(/usr/local/texlive/2021/texmf-dist/tex/latex/graphics/keyval.sty
Package: keyval 2014/10/28 v1.15 key=value parser (DPC)
\KV@toks@=\toks15
))
\beamer@paperwidth=\skip48
\beamer@paperheight=\skip49

(/usr/local/texlive/2021/texmf-dist/tex/latex/geometry/geometry.sty
Package: geometry 2020/01/02 v5.9 Page Geometry

(/usr/local/texlive/2021/texmf-dist/tex/generic/iftex/ifvtex.sty
Package: ifvtex 2019/10/25 v1.7 ifvtex legacy package. Use iftex instead.
)
\Gm@cnth=\count266
\Gm@cntv=\count267
\c@Gm@tempcnt=\count268
\Gm@bindingoffset=\dimen154
\Gm@wd@mp=\dimen155
\Gm@odd@mp=\dimen156
\Gm@even@mp=\dimen157
\Gm@layoutwidth=\dimen158
\Gm@layoutheight=\dimen159
\Gm@layouthoffset=\dimen160
\Gm@layoutvoffset=\dimen161
\Gm@dimlist=\toks16
)
(/usr/local/texlive/2021/texmf-dist/tex/latex/base/size11.clo
File: size11.clo 2020/04/10 v1.4m Standard LaTeX file (size option)
)
(/usr/local/texlive/2021/texmf-dist/tex/latex/pgf/basiclayer/pgfcore.sty
(/usr/local/texlive/2021/texmf-dist/tex/latex/graphics/graphicx.sty
Package: graphicx 2020/09/09 v1.2b Enhanced LaTeX Graphics (DPC,SPQR)

(/usr/local/texlive/2021/texmf-dist/tex/latex/graphics/graphics.sty
Package: graphics 2020/08/30 v1.4c Standard LaTeX Graphics (DPC,SPQR)

(/usr/local/texlive/2021/texmf-dist/tex/latex/graphics/trig.sty
Package: trig 2016/01/03 v1.10 sin cos tan (DPC)
)
(/usr/local/texlive/2021/texmf-dist/tex/latex/graphics-cfg/graphics.cfg
File: graphics.cfg 2016/06/04 v1.11 sample graphics configuration
)
Package graphics Info: Driver file: xetex.def on input line 105.

(/usr/local/texlive/2021/texmf-dist/tex/latex/graphics-def/xetex.def
File: xetex.def 2021/03/18 v5.0k Graphics/color driver for xetex
))
\Gin@req@height=\dimen162
\Gin@req@width=\dimen163
)
(/usr/local/texlive/2021/texmf-dist/tex/latex/pgf/systemlayer/pgfsys.sty
(/usr/local/texlive/2021/texmf-dist/tex/latex/pgf/utilities/pgfrcs.sty
(/usr/local/texlive/2021/texmf-dist/tex/generic/pgf/utilities/pgfutil-common.te
x
\pgfutil@everybye=\toks17
\pgfutil@tempdima=\dimen164
\pgfutil@tempdimb=\dimen165

(/usr/local/texlive/2021/texmf-dist/tex/generic/pgf/utilities/pgfutil-common-li
sts.tex))
(/usr/local/texlive/2021/texmf-dist/tex/generic/pgf/utilities/pgfutil-latex.def
\pgfutil@abb=\box56
) (/usr/local/texlive/2021/texmf-dist/tex/generic/pgf/utilities/pgfrcs.code.tex
(/usr/local/texlive/2021/texmf-dist/tex/generic/pgf/pgf.revision.tex)
Package: pgfrcs 2020/12/27 v3.1.8b (3.1.8b)
))
(/usr/local/texlive/2021/texmf-dist/tex/generic/pgf/systemlayer/pgfsys.code.tex
Package: pgfsys 2020/12/27 v3.1.8b (3.1.8b)
(/usr/local/texlive/2021/texmf-dist/tex/generic/pgf/utilities/pgfkeys.code.tex
\pgfkeys@pathtoks=\toks18
\pgfkeys@temptoks=\toks19

(/usr/local/texlive/2021/texmf-dist/tex/generic/pgf/utilities/pgfkeysfiltered.c
ode.tex
\pgfkeys@tmptoks=\toks20
))
\pgf@x=\dimen166
\pgf@y=\dimen167
\pgf@xa=\dimen168
\pgf@ya=\dimen169
\pgf@xb=\dimen170
\pgf@yb=\dimen171
\pgf@xc=\dimen172
\pgf@yc=\dimen173
\pgf@xd=\dimen174
\pgf@yd=\dimen175
\w@pgf@writea=\write3
\r@pgf@reada=\read2
\c@pgf@counta=\count269
\c@pgf@countb=\count270
\c@pgf@countc=\count271
\c@pgf@countd=\count272
\t@pgf@toka=\toks21
\t@pgf@tokb=\toks22
\t@pgf@tokc=\toks23
\pgf@sys@id@count=\count273

(/usr/local/texlive/2021/texmf-dist/tex/generic/pgf/systemlayer/pgf.cfg
File: pgf.cfg 2020/12/27 v3.1.8b (3.1.8b)
)
Driver file for pgf: pgfsys-xetex.def

(/usr/local/texlive/2021/texmf-dist/tex/generic/pgf/systemlayer/pgfsys-xetex.de
f
File: pgfsys-xetex.def 2020/12/27 v3.1.8b (3.1.8b)

(/usr/local/texlive/2021/texmf-dist/tex/generic/pgf/systemlayer/pgfsys-dvipdfmx
.def
File: pgfsys-dvipdfmx.def 2020/12/27 v3.1.8b (3.1.8b)

(/usr/local/texlive/2021/texmf-dist/tex/generic/pgf/systemlayer/pgfsys-common-p
df.def
File: pgfsys-common-pdf.def 2020/12/27 v3.1.8b (3.1.8b)
)
\pgfsys@objnum=\count274
)))
(/usr/local/texlive/2021/texmf-dist/tex/generic/pgf/systemlayer/pgfsyssoftpath.
code.tex
File: pgfsyssoftpath.code.tex 2020/12/27 v3.1.8b (3.1.8b)
\pgfsyssoftpath@smallbuffer@items=\count275
\pgfsyssoftpath@bigbuffer@items=\count276
)
(/usr/local/texlive/2021/texmf-dist/tex/generic/pgf/systemlayer/pgfsysprotocol.
code.tex
File: pgfsysprotocol.code.tex 2020/12/27 v3.1.8b (3.1.8b)
)) (/usr/local/texlive/2021/texmf-dist/tex/latex/xcolor/xcolor.sty
Package: xcolor 2016/05/11 v2.12 LaTeX color extensions (UK)

(/usr/local/texlive/2021/texmf-dist/tex/latex/graphics-cfg/color.cfg
File: color.cfg 2016/01/02 v1.6 sample color configuration
)
Package xcolor Info: Driver file: xetex.def on input line 225.
Package xcolor Info: Model `cmy' substituted by `cmy0' on input line 1348.
Package xcolor Info: Model `RGB' extended on input line 1364.
Package xcolor Info: Model `HTML' substituted by `rgb' on input line 1366.
Package xcolor Info: Model `Hsb' substituted by `hsb' on input line 1367.
Package xcolor Info: Model `tHsb' substituted by `hsb' on input line 1368.
Package xcolor Info: Model `HSB' substituted by `hsb' on input line 1369.
Package xcolor Info: Model `Gray' substituted by `gray' on input line 1370.
Package xcolor Info: Model `wave' substituted by `hsb' on input line 1371.
)
(/usr/local/texlive/2021/texmf-dist/tex/generic/pgf/basiclayer/pgfcore.code.tex
Package: pgfcore 2020/12/27 v3.1.8b (3.1.8b)
(/usr/local/texlive/2021/texmf-dist/tex/generic/pgf/math/pgfmath.code.tex
(/usr/local/texlive/2021/texmf-dist/tex/generic/pgf/math/pgfmathcalc.code.tex
(/usr/local/texlive/2021/texmf-dist/tex/generic/pgf/math/pgfmathutil.code.tex)
(/usr/local/texlive/2021/texmf-dist/tex/generic/pgf/math/pgfmathparser.code.tex
\pgfmath@dimen=\dimen176
\pgfmath@count=\count277
\pgfmath@box=\box57
\pgfmath@toks=\toks24
\pgfmath@stack@operand=\toks25
\pgfmath@stack@operation=\toks26
)
(/usr/local/texlive/2021/texmf-dist/tex/generic/pgf/math/pgfmathfunctions.code.
tex
(/usr/local/texlive/2021/texmf-dist/tex/generic/pgf/math/pgfmathfunctions.basic
.code.tex)
(/usr/local/texlive/2021/texmf-dist/tex/generic/pgf/math/pgfmathfunctions.trigo
nometric.code.tex)
(/usr/local/texlive/2021/texmf-dist/tex/generic/pgf/math/pgfmathfunctions.rando
m.code.tex)
(/usr/local/texlive/2021/texmf-dist/tex/generic/pgf/math/pgfmathfunctions.compa
rison.code.tex)
(/usr/local/texlive/2021/texmf-dist/tex/generic/pgf/math/pgfmathfunctions.base.
code.tex)
(/usr/local/texlive/2021/texmf-dist/tex/generic/pgf/math/pgfmathfunctions.round
.code.tex)
(/usr/local/texlive/2021/texmf-dist/tex/generic/pgf/math/pgfmathfunctions.misc.
code.tex)
(/usr/local/texlive/2021/texmf-dist/tex/generic/pgf/math/pgfmathfunctions.integ
erarithmetics.code.tex)))
(/usr/local/texlive/2021/texmf-dist/tex/generic/pgf/math/pgfmathfloat.code.tex
\c@pgfmathroundto@lastzeros=\count278
)) (/usr/local/texlive/2021/texmf-dist/tex/generic/pgf/math/pgfint.code.tex)
(/usr/local/texlive/2021/texmf-dist/tex/generic/pgf/basiclayer/pgfcorepoints.co
de.tex
File: pgfcorepoints.code.tex 2020/12/27 v3.1.8b (3.1.8b)
\pgf@picminx=\dimen177
\pgf@picmaxx=\dimen178
\pgf@picminy=\dimen179
\pgf@picmaxy=\dimen180
\pgf@pathminx=\dimen181
\pgf@pathmaxx=\dimen182
\pgf@pathminy=\dimen183
\pgf@pathmaxy=\dimen184
\pgf@xx=\dimen185
\pgf@xy=\dimen186
\pgf@yx=\dimen187
\pgf@yy=\dimen188
\pgf@zx=\dimen189
\pgf@zy=\dimen190
)
(/usr/local/texlive/2021/texmf-dist/tex/generic/pgf/basiclayer/pgfcorepathconst
ruct.code.tex
File: pgfcorepathconstruct.code.tex 2020/12/27 v3.1.8b (3.1.8b)
\pgf@path@lastx=\dimen191
\pgf@path@lasty=\dimen192
)
(/usr/local/texlive/2021/texmf-dist/tex/generic/pgf/basiclayer/pgfcorepathusage
.code.tex
File: pgfcorepathusage.code.tex 2020/12/27 v3.1.8b (3.1.8b)
\pgf@shorten@end@additional=\dimen193
\pgf@shorten@start@additional=\dimen194
)
(/usr/local/texlive/2021/texmf-dist/tex/generic/pgf/basiclayer/pgfcorescopes.co
de.tex
File: pgfcorescopes.code.tex 2020/12/27 v3.1.8b (3.1.8b)
\pgfpic=\box58
\pgf@hbox=\box59
\pgf@layerbox@main=\box60
\pgf@picture@serial@count=\count279
)
(/usr/local/texlive/2021/texmf-dist/tex/generic/pgf/basiclayer/pgfcoregraphicst
ate.code.tex
File: pgfcoregraphicstate.code.tex 2020/12/27 v3.1.8b (3.1.8b)
\pgflinewidth=\dimen195
)
(/usr/local/texlive/2021/texmf-dist/tex/generic/pgf/basiclayer/pgfcoretransform
ations.code.tex
File: pgfcoretransformations.code.tex 2020/12/27 v3.1.8b (3.1.8b)
\pgf@pt@x=\dimen196
\pgf@pt@y=\dimen197
\pgf@pt@temp=\dimen198
)
(/usr/local/texlive/2021/texmf-dist/tex/generic/pgf/basiclayer/pgfcorequick.cod
e.tex
File: pgfcorequick.code.tex 2020/12/27 v3.1.8b (3.1.8b)
)
(/usr/local/texlive/2021/texmf-dist/tex/generic/pgf/basiclayer/pgfcoreobjects.c
ode.tex
File: pgfcoreobjects.code.tex 2020/12/27 v3.1.8b (3.1.8b)
)
(/usr/local/texlive/2021/texmf-dist/tex/generic/pgf/basiclayer/pgfcorepathproce
ssing.code.tex
File: pgfcorepathprocessing.code.tex 2020/12/27 v3.1.8b (3.1.8b)
)
(/usr/local/texlive/2021/texmf-dist/tex/generic/pgf/basiclayer/pgfcorearrows.co
de.tex
File: pgfcorearrows.code.tex 2020/12/27 v3.1.8b (3.1.8b)
\pgfarrowsep=\dimen199
)
(/usr/local/texlive/2021/texmf-dist/tex/generic/pgf/basiclayer/pgfcoreshade.cod
e.tex
File: pgfcoreshade.code.tex 2020/12/27 v3.1.8b (3.1.8b)
\pgf@max=\dimen256
\pgf@sys@shading@range@num=\count280
\pgf@shadingcount=\count281
)
(/usr/local/texlive/2021/texmf-dist/tex/generic/pgf/basiclayer/pgfcoreimage.cod
e.tex
File: pgfcoreimage.code.tex 2020/12/27 v3.1.8b (3.1.8b)

(/usr/local/texlive/2021/texmf-dist/tex/generic/pgf/basiclayer/pgfcoreexternal.
code.tex
File: pgfcoreexternal.code.tex 2020/12/27 v3.1.8b (3.1.8b)
\pgfexternal@startupbox=\box61
))
(/usr/local/texlive/2021/texmf-dist/tex/generic/pgf/basiclayer/pgfcorelayers.co
de.tex
File: pgfcorelayers.code.tex 2020/12/27 v3.1.8b (3.1.8b)
)
(/usr/local/texlive/2021/texmf-dist/tex/generic/pgf/basiclayer/pgfcoretranspare
ncy.code.tex
File: pgfcoretransparency.code.tex 2020/12/27 v3.1.8b (3.1.8b)
)
(/usr/local/texlive/2021/texmf-dist/tex/generic/pgf/basiclayer/pgfcorepatterns.
code.tex
File: pgfcorepatterns.code.tex 2020/12/27 v3.1.8b (3.1.8b)
)
(/usr/local/texlive/2021/texmf-dist/tex/generic/pgf/basiclayer/pgfcorerdf.code.
tex
File: pgfcorerdf.code.tex 2020/12/27 v3.1.8b (3.1.8b)
))) (/usr/local/texlive/2021/texmf-dist/tex/latex/pgf/utilities/xxcolor.sty
Package: xxcolor 2003/10/24 ver 0.1
\XC@nummixins=\count282
\XC@countmixins=\count283
) (/usr/local/texlive/2021/texmf-dist/tex/latex/base/atbegshi-ltx.sty
Package: atbegshi-ltx 2020/08/17 v1.0a Emulation of the original atbegshi packa
ge
with kernel methods
)
(/usr/local/texlive/2021/texmf-dist/tex/latex/hyperref/hyperref.sty
Package: hyperref 2021-02-27 v7.00k Hypertext links for LaTeX

(/usr/local/texlive/2021/texmf-dist/tex/generic/ltxcmds/ltxcmds.sty
Package: ltxcmds 2020-05-10 v1.25 LaTeX kernel commands for general use (HO)
)
(/usr/local/texlive/2021/texmf-dist/tex/generic/pdftexcmds/pdftexcmds.sty
Package: pdftexcmds 2020-06-27 v0.33 Utility functions of pdfTeX for LuaTeX (HO
)

(/usr/local/texlive/2021/texmf-dist/tex/generic/infwarerr/infwarerr.sty
Package: infwarerr 2019/12/03 v1.5 Providing info/warning/error messages (HO)
)
Package pdftexcmds Info: \pdf@primitive is available.
Package pdftexcmds Info: \pdf@ifprimitive is available.
Package pdftexcmds Info: \pdfdraftmode not found.
)
(/usr/local/texlive/2021/texmf-dist/tex/generic/kvsetkeys/kvsetkeys.sty
Package: kvsetkeys 2019/12/15 v1.18 Key value parser (HO)
)
(/usr/local/texlive/2021/texmf-dist/tex/generic/kvdefinekeys/kvdefinekeys.sty
Package: kvdefinekeys 2019-12-19 v1.6 Define keys (HO)
)
(/usr/local/texlive/2021/texmf-dist/tex/generic/pdfescape/pdfescape.sty
Package: pdfescape 2019/12/09 v1.15 Implements pdfTeX's escape features (HO)
)
(/usr/local/texlive/2021/texmf-dist/tex/latex/hycolor/hycolor.sty
Package: hycolor 2020-01-27 v1.10 Color options for hyperref/bookmark (HO)
)
(/usr/local/texlive/2021/texmf-dist/tex/latex/letltxmacro/letltxmacro.sty
Package: letltxmacro 2019/12/03 v1.6 Let assignment for LaTeX macros (HO)
)
(/usr/local/texlive/2021/texmf-dist/tex/latex/auxhook/auxhook.sty
Package: auxhook 2019-12-17 v1.6 Hooks for auxiliary files (HO)
)
(/usr/local/texlive/2021/texmf-dist/tex/latex/kvoptions/kvoptions.sty
Package: kvoptions 2020-10-07 v3.14 Key value format for package options (HO)
)
\@linkdim=\dimen257
\Hy@linkcounter=\count284
\Hy@pagecounter=\count285

(/usr/local/texlive/2021/texmf-dist/tex/latex/hyperref/pd1enc.def
File: pd1enc.def 2021-02-27 v7.00k Hyperref: PDFDocEncoding definition (HO)
)
(/usr/local/texlive/2021/texmf-dist/tex/latex/hyperref/hyperref-langpatches.def
File: hyperref-langpatches.def 2021-02-27 v7.00k Hyperref: patches for babel la
nguages
) (/usr/local/texlive/2021/texmf-dist/tex/generic/intcalc/intcalc.sty
Package: intcalc 2019/12/15 v1.3 Expandable calculations with integers (HO)
)
(/usr/local/texlive/2021/texmf-dist/tex/generic/etexcmds/etexcmds.sty
Package: etexcmds 2019/12/15 v1.7 Avoid name clashes with e-TeX commands (HO)
)
\Hy@SavedSpaceFactor=\count286

(/usr/local/texlive/2021/texmf-dist/tex/latex/hyperref/puenc.def
File: puenc.def 2021-02-27 v7.00k Hyperref: PDF Unicode definition (HO)
)
Package hyperref Info: Option `bookmarks' set `true' on input line 4073.
Package hyperref Info: Option `bookmarksopen' set `true' on input line 4073.
Package hyperref Info: Option `implicit' set `false' on input line 4073.
Package hyperref Info: Hyper figures OFF on input line 4192.
Package hyperref Info: Link nesting OFF on input line 4197.
Package hyperref Info: Hyper index ON on input line 4200.
Package hyperref Info: Plain pages OFF on input line 4207.
Package hyperref Info: Backreferencing OFF on input line 4212.
Package hyperref Info: Implicit mode OFF; no redefinition of LaTeX internals.
Package hyperref Info: Bookmarks ON on input line 4445.
\c@Hy@tempcnt=\count287

(/usr/local/texlive/2021/texmf-dist/tex/latex/url/url.sty
\Urlmuskip=\muskip16
Package: url 2013/09/16  ver 3.4  Verb mode for urls, etc.
)
LaTeX Info: Redefining \url on input line 4804.
\XeTeXLinkMargin=\dimen258

(/usr/local/texlive/2021/texmf-dist/tex/generic/bitset/bitset.sty
Package: bitset 2019/12/09 v1.3 Handle bit-vector datatype (HO)

(/usr/local/texlive/2021/texmf-dist/tex/generic/bigintcalc/bigintcalc.sty
Package: bigintcalc 2019/12/15 v1.5 Expandable calculations on big integers (HO
)
))
\Fld@menulength=\count288
\Field@Width=\dimen259
\Fld@charsize=\dimen260
Package hyperref Info: Hyper figures OFF on input line 6075.
Package hyperref Info: Link nesting OFF on input line 6080.
Package hyperref Info: Hyper index ON on input line 6083.
Package hyperref Info: backreferencing OFF on input line 6090.
Package hyperref Info: Link coloring OFF on input line 6095.
Package hyperref Info: Link coloring with OCG OFF on input line 6100.
Package hyperref Info: PDF/A mode OFF on input line 6105.
LaTeX Info: Redefining \ref on input line 6145.
LaTeX Info: Redefining \pageref on input line 6149.
\Hy@abspage=\count289


Package hyperref Message: Stopped early.

)
Package hyperref Info: Driver (autodetected): hxetex.
 (/usr/local/texlive/2021/texmf-dist/tex/latex/hyperref/hxetex.def
File: hxetex.def 2021-02-27 v7.00k Hyperref driver for XeTeX

(/usr/local/texlive/2021/texmf-dist/tex/generic/stringenc/stringenc.sty
Package: stringenc 2019/11/29 v1.12 Convert strings between diff. encodings (HO
)
)
\pdfm@box=\box62
\c@Hy@AnnotLevel=\count290
\HyField@AnnotCount=\count291
\Fld@listcount=\count292
\c@bookmark@seq@number=\count293

(/usr/local/texlive/2021/texmf-dist/tex/latex/rerunfilecheck/rerunfilecheck.sty
Package: rerunfilecheck 2019/12/05 v1.9 Rerun checks for auxiliary files (HO)
(/usr/local/texlive/2021/texmf-dist/tex/latex/base/atveryend-ltx.sty
Package: atveryend-ltx 2020/08/19 v1.0a Emulation of the original atvery packag
e
with kernel methods
)
(/usr/local/texlive/2021/texmf-dist/tex/generic/uniquecounter/uniquecounter.sty
Package: uniquecounter 2019/12/15 v1.4 Provide unlimited unique counter (HO)
)
Package uniquecounter Info: New unique counter `rerunfilecheck' on input line 2
86.
)) (/usr/local/texlive/2021/texmf-dist/tex/latex/beamer/beamerbaserequires.sty
(/usr/local/texlive/2021/texmf-dist/tex/latex/beamer/beamerbasecompatibility.st
y) (/usr/local/texlive/2021/texmf-dist/tex/latex/beamer/beamerbasefont.sty
(/usr/local/texlive/2021/texmf-dist/tex/latex/amsfonts/amssymb.sty
Package: amssymb 2013/01/14 v3.01 AMS font symbols

(/usr/local/texlive/2021/texmf-dist/tex/latex/amsfonts/amsfonts.sty
Package: amsfonts 2013/01/14 v3.01 Basic AMSFonts support
\@emptytoks=\toks27
\symAMSa=\mathgroup4
\symAMSb=\mathgroup5
LaTeX Font Info:    Redeclaring math symbol \hbar on input line 98.
LaTeX Font Info:    Overwriting math alphabet `\mathfrak' in version `bold'
(Font)                  U/euf/m/n --> U/euf/b/n on input line 106.
))
(/usr/local/texlive/2021/texmf-dist/tex/latex/sansmathaccent/sansmathaccent.sty
Package: sansmathaccent 2020/01/31
(/usr/local/texlive/2021/texmf-dist/tex/latex/koma-script/scrlfile.sty
Package: scrlfile 2021/03/17 v3.33 KOMA-Script package (file load hooks)

(/usr/local/texlive/2021/texmf-dist/tex/latex/koma-script/scrlfile-hook.sty
Package: scrlfile-hook 2021/03/17 v3.33 KOMA-Script package (using LaTeX hooks)


LaTeX3 Info: Defining command \BeforeFile with sig. 'm' on line 61.


LaTeX3 Info: Defining command \AfterFile with sig. 'm' on line 65.


LaTeX3 Info: Defining command \BeforeClass with sig. 'm' on line 69.


LaTeX3 Info: Defining command \BeforePackage with sig. 'm' on line 73.


LaTeX3 Info: Defining command \AfterAtEndOfClass with sig. 'smo+m' on line 83.


LaTeX3 Info: Defining command \AfterAtEndOfPackage with sig. 'smo+m' on line
(LaTeX3)     93.


LaTeX3 Info: Defining command \scrlfile@AfterClass with sig. 'smo+m' on line
(LaTeX3)     173.


LaTeX3 Info: Defining command \AfterClass with sig. '' on line 174.


LaTeX3 Info: Defining command \scrlfile@AfterPackage with sig. 'smo+m' on line
(LaTeX3)     191.


LaTeX3 Info: Defining command \AfterPackage with sig. '' on line 192.


LaTeX3 Info: Defining command \ReplaceInput with sig. '' on line 193.


LaTeX3 Info: Defining command \ReplaceClass with sig. 'mm' on line 196.


LaTeX3 Info: Defining command \ReplacePackage with sig. 'mm' on line 199.


LaTeX3 Info: Defining command \UnReplaceInput with sig. '' on line 200.


LaTeX3 Info: Defining command \UnReplaceClass with sig. 'm' on line 203.


LaTeX3 Info: Defining command \UnReplacePackage with sig. 'mm' on line 206.


LaTeX3 Info: Defining command \PreventPackageFromLoading with sig. 's+om' on
(LaTeX3)     line 234.


LaTeX3 Info: Defining command \StorePreventPackageFromLoading with sig. 'm' on
(LaTeX3)     line 242.


LaTeX3 Info: Defining command \ResetPreventPackageFromLoading with sig. '' on
(LaTeX3)     line 247.


LaTeX3 Info: Defining command \UnPreventPackageFromLoading with sig. 'sm' on
(LaTeX3)     line 261.


LaTeX3 Info: Defining command \BeforeClosingMainAux with sig. 'om' on line
(LaTeX3)     274.


LaTeX3 Info: Defining command \AfterReadingMainAux with sig. 'om' on line 287.


LaTeX3 Info: Defining command \protected@immediate@write with sig. 'm+m+m' on
(LaTeX3)     line 298.


(/usr/local/texlive/2021/texmf-dist/tex/latex/koma-script/scrlogo.sty
Package: scrlogo 2021/03/17 v3.33 KOMA-Script package (logo)
)))))
(/usr/local/texlive/2021/texmf-dist/tex/latex/beamer/beamerbasetranslator.sty
(/usr/local/texlive/2021/texmf-dist/tex/latex/translator/translator.sty
Package: translator 2020-08-03 v1.12c Easy translation of strings in LaTeX
))
(/usr/local/texlive/2021/texmf-dist/tex/latex/beamer/beamerbasemisc.sty)
(/usr/local/texlive/2021/texmf-dist/tex/latex/beamer/beamerbasetwoscreens.sty)
(/usr/local/texlive/2021/texmf-dist/tex/latex/beamer/beamerbaseoverlay.sty
\beamer@argscount=\count294
\beamer@lastskipcover=\skip50
\beamer@trivlistdepth=\count295
)
(/usr/local/texlive/2021/texmf-dist/tex/latex/beamer/beamerbasetitle.sty)
(/usr/local/texlive/2021/texmf-dist/tex/latex/beamer/beamerbasesection.sty
\c@lecture=\count296
\c@part=\count297
\c@section=\count298
\c@subsection=\count299
\c@subsubsection=\count300
)
(/usr/local/texlive/2021/texmf-dist/tex/latex/beamer/beamerbaseframe.sty
\beamer@framebox=\box63
\beamer@frametitlebox=\box64
\beamer@zoombox=\box65
\beamer@zoomcount=\count301
\beamer@zoomframecount=\count302
\beamer@frametextheight=\dimen261
\c@subsectionslide=\count303
\beamer@frametopskip=\skip51
\beamer@framebottomskip=\skip52
\beamer@frametopskipautobreak=\skip53
\beamer@framebottomskipautobreak=\skip54
\beamer@envbody=\toks28
\framewidth=\dimen262
\c@framenumber=\count304
)
(/usr/local/texlive/2021/texmf-dist/tex/latex/beamer/beamerbaseverbatim.sty
\beamer@verbatimfileout=\write4
)
(/usr/local/texlive/2021/texmf-dist/tex/latex/beamer/beamerbaseframesize.sty
\beamer@splitbox=\box66
\beamer@autobreakcount=\count305
\beamer@autobreaklastheight=\dimen263
\beamer@frametitletoks=\toks29
\beamer@framesubtitletoks=\toks30
)
(/usr/local/texlive/2021/texmf-dist/tex/latex/beamer/beamerbaseframecomponents.
sty
\beamer@footins=\box67
) (/usr/local/texlive/2021/texmf-dist/tex/latex/beamer/beamerbasecolor.sty)
(/usr/local/texlive/2021/texmf-dist/tex/latex/beamer/beamerbasenotes.sty
\beamer@frameboxcopy=\box68
)
(/usr/local/texlive/2021/texmf-dist/tex/latex/beamer/beamerbasetoc.sty)
(/usr/local/texlive/2021/texmf-dist/tex/latex/beamer/beamerbasetemplates.sty
\beamer@sbttoks=\toks31

(/usr/local/texlive/2021/texmf-dist/tex/latex/beamer/beamerbaseauxtemplates.sty
(/usr/local/texlive/2021/texmf-dist/tex/latex/beamer/beamerbaseboxes.sty
\bmb@box=\box69
\bmb@colorbox=\box70
\bmb@boxwidth=\dimen264
\bmb@boxheight=\dimen265
\bmb@prevheight=\dimen266
\bmb@temp=\dimen267
\bmb@dima=\dimen268
\bmb@dimb=\dimen269
\bmb@prevheight=\dimen270
)
\beamer@blockheadheight=\dimen271
))
(/usr/local/texlive/2021/texmf-dist/tex/latex/beamer/beamerbaselocalstructure.s
ty (/usr/local/texlive/2021/texmf-dist/tex/latex/tools/enumerate.sty
Package: enumerate 2015/07/23 v3.00 enumerate extensions (DPC)
\@enLab=\toks32
)
\beamer@bibiconwidth=\skip55
\c@figure=\count306
\c@table=\count307
\abovecaptionskip=\skip56
\belowcaptionskip=\skip57
)
(/usr/local/texlive/2021/texmf-dist/tex/latex/beamer/beamerbasenavigation.sty
\beamer@section@min@dim=\dimen272
)
(/usr/local/texlive/2021/texmf-dist/tex/latex/beamer/beamerbasetheorems.sty
(/usr/local/texlive/2021/texmf-dist/tex/latex/amsmath/amsmath.sty
Package: amsmath 2020/09/23 v2.17i AMS math features
\@mathmargin=\skip58

For additional information on amsmath, use the `?' option.
(/usr/local/texlive/2021/texmf-dist/tex/latex/amsmath/amstext.sty
Package: amstext 2000/06/29 v2.01 AMS text

(/usr/local/texlive/2021/texmf-dist/tex/latex/amsmath/amsgen.sty
File: amsgen.sty 1999/11/30 v2.0 generic functions
\@emptytoks=\toks33
\ex@=\dimen273
))
(/usr/local/texlive/2021/texmf-dist/tex/latex/amsmath/amsbsy.sty
Package: amsbsy 1999/11/29 v1.2d Bold Symbols
\pmbraise@=\dimen274
)
(/usr/local/texlive/2021/texmf-dist/tex/latex/amsmath/amsopn.sty
Package: amsopn 2016/03/08 v2.02 operator names
)
\inf@bad=\count308
LaTeX Info: Redefining \frac on input line 234.
\uproot@=\count309
\leftroot@=\count310
LaTeX Info: Redefining \overline on input line 399.
\classnum@=\count311
\DOTSCASE@=\count312
LaTeX Info: Redefining \ldots on input line 496.
LaTeX Info: Redefining \dots on input line 499.
LaTeX Info: Redefining \cdots on input line 620.
\Mathstrutbox@=\box71
\strutbox@=\box72
\big@size=\dimen275
LaTeX Font Info:    Redeclaring font encoding OML on input line 743.
LaTeX Font Info:    Redeclaring font encoding OMS on input line 744.
\macc@depth=\count313
\c@MaxMatrixCols=\count314
\dotsspace@=\muskip17
\c@parentequation=\count315
\dspbrk@lvl=\count316
\tag@help=\toks34
\row@=\count317
\column@=\count318
\maxfields@=\count319
\andhelp@=\toks35
\eqnshift@=\dimen276
\alignsep@=\dimen277
\tagshift@=\dimen278
\tagwidth@=\dimen279
\totwidth@=\dimen280
\lineht@=\dimen281
\@envbody=\toks36
\multlinegap=\skip59
\multlinetaggap=\skip60
\mathdisplay@stack=\toks37
LaTeX Info: Redefining \[ on input line 2923.
LaTeX Info: Redefining \] on input line 2924.
)
(/usr/local/texlive/2021/texmf-dist/tex/latex/amscls/amsthm.sty
Package: amsthm 2020/05/29 v2.20.6
\thm@style=\toks38
\thm@bodyfont=\toks39
\thm@headfont=\toks40
\thm@notefont=\toks41
\thm@headpunct=\toks42
\thm@preskip=\skip61
\thm@postskip=\skip62
\thm@headsep=\skip63
\dth@everypar=\toks43
)
\c@theorem=\count320
)
(/usr/local/texlive/2021/texmf-dist/tex/latex/beamer/beamerbasethemes.sty))
(/usr/local/texlive/2021/texmf-dist/tex/latex/beamer/beamerthemedefault.sty
(/usr/local/texlive/2021/texmf-dist/tex/latex/beamer/beamerfontthemedefault.sty
)
(/usr/local/texlive/2021/texmf-dist/tex/latex/beamer/beamercolorthemedefault.st
y)
(/usr/local/texlive/2021/texmf-dist/tex/latex/beamer/beamerinnerthemedefault.st
y
\beamer@dima=\dimen282
\beamer@dimb=\dimen283
)
(/usr/local/texlive/2021/texmf-dist/tex/latex/beamer/beamerouterthemedefault.st
y)))
(/usr/local/texlive/2021/texmf-dist/tex/latex/beamer/beamerthemeAnnArbor.sty
(/usr/local/texlive/2021/texmf-dist/tex/latex/beamer/beamerinnerthemerounded.st
y)
(/usr/local/texlive/2021/texmf-dist/tex/latex/beamer/beamerouterthemeinfolines.
sty)
(/usr/local/texlive/2021/texmf-dist/tex/latex/beamer/beamercolorthemewolverine.
sty)) (/usr/local/texlive/2021/texmf-dist/tex/latex/booktabs/booktabs.sty
Package: booktabs 2020/01/12 v1.61803398 Publication quality tables
\heavyrulewidth=\dimen284
\lightrulewidth=\dimen285
\cmidrulewidth=\dimen286
\belowrulesep=\dimen287
\belowbottomsep=\dimen288
\aboverulesep=\dimen289
\abovetopsep=\dimen290
\cmidrulesep=\dimen291
\cmidrulekern=\dimen292
\defaultaddspace=\dimen293
\@cmidla=\count321
\@cmidlb=\count322
\@aboverulesep=\dimen294
\@belowrulesep=\dimen295
\@thisruleclass=\count323
\@lastruleclass=\count324
\@thisrulewidth=\dimen296
)
(/usr/local/texlive/2021/texmf-dist/tex/latex/l3backend/l3backend-xetex.def
File: l3backend-xetex.def 2021-03-18 L3 backend support: XeTeX

(|extractbb --version)
\c__kernel_sys_dvipdfmx_version_int=\count325
\l__color_backend_stack_int=\count326
\g__color_backend_stack_int=\count327
\g__graphics_track_int=\count328
\l__pdf_internal_box=\box73
\g__pdf_backend_object_int=\count329
\g__pdf_backend_annotation_int=\count330
\g__pdf_backend_link_int=\count331
) (./team5.aux)
\openout1 = `team5.aux'.

LaTeX Font Info:    Checking defaults for OML/cmm/m/it on input line 99.
LaTeX Font Info:    ... okay on input line 99.
LaTeX Font Info:    Checking defaults for OMS/cmsy/m/n on input line 99.
LaTeX Font Info:    ... okay on input line 99.
LaTeX Font Info:    Checking defaults for OT1/cmr/m/n on input line 99.
LaTeX Font Info:    ... okay on input line 99.
LaTeX Font Info:    Checking defaults for T1/cmr/m/n on input line 99.
LaTeX Font Info:    ... okay on input line 99.
LaTeX Font Info:    Checking defaults for TS1/cmr/m/n on input line 99.
LaTeX Font Info:    Trying to load font information for TS1+cmr on input line 9
9.

(/usr/local/texlive/2021/texmf-dist/tex/latex/base/ts1cmr.fd
File: ts1cmr.fd 2019/12/16 v2.5j Standard LaTeX font definitions
)
LaTeX Font Info:    ... okay on input line 99.
LaTeX Font Info:    Checking defaults for TU/lmr/m/n on input line 99.
LaTeX Font Info:    ... okay on input line 99.
LaTeX Font Info:    Checking defaults for OMX/cmex/m/n on input line 99.
LaTeX Font Info:    ... okay on input line 99.
LaTeX Font Info:    Checking defaults for U/cmr/m/n on input line 99.
LaTeX Font Info:    ... okay on input line 99.
LaTeX Font Info:    Checking defaults for PD1/pdf/m/n on input line 99.
LaTeX Font Info:    ... okay on input line 99.
LaTeX Font Info:    Checking defaults for PU/pdf/m/n on input line 99.
LaTeX Font Info:    ... okay on input line 99.

*geometry* driver: auto-detecting
*geometry* detected driver: xetex
*geometry* verbose mode - [ preamble ] result:
* driver: xetex
* paper: custom
* layout: <same size as paper>
* layoutoffset:(h,v)=(0.0pt,0.0pt)
* modes: includehead includefoot 
* h-part:(L,W,R)=(10.95pt, 342.29536pt, 10.95pt)
* v-part:(T,H,B)=(0.0pt, 273.14662pt, 0.0pt)
* \paperwidth=364.19536pt
* \paperheight=273.14662pt
* \textwidth=342.29536pt
* \textheight=244.6939pt
* \oddsidemargin=-61.31999pt
* \evensidemargin=-61.31999pt
* \topmargin=-72.26999pt
* \headheight=14.22636pt
* \headsep=0.0pt
* \topskip=11.0pt
* \footskip=14.22636pt
* \marginparwidth=4.0pt
* \marginparsep=10.0pt
* \columnsep=10.0pt
* \skip\footins=10.0pt plus 4.0pt minus 2.0pt
* \hoffset=0.0pt
* \voffset=0.0pt
* \mag=1000
* \@twocolumnfalse
* \@twosidefalse
* \@mparswitchfalse
* \@reversemarginfalse
* (1in=72.27pt=25.4mm, 1cm=28.453pt)

Package hyperref Info: Link coloring OFF on input line 99.
(/usr/local/texlive/2021/texmf-dist/tex/latex/hyperref/nameref.sty
Package: nameref 2021-04-02 v2.47 Cross-referencing by name of section

(/usr/local/texlive/2021/texmf-dist/tex/latex/refcount/refcount.sty
Package: refcount 2019/12/15 v3.6 Data extraction from label references (HO)
)
(/usr/local/texlive/2021/texmf-dist/tex/generic/gettitlestring/gettitlestring.s
ty
Package: gettitlestring 2019/12/15 v1.6 Cleanup title references (HO)
)
\c@section@level=\count332
)
LaTeX Info: Redefining \ref on input line 99.
LaTeX Info: Redefining \pageref on input line 99.
LaTeX Info: Redefining \nameref on input line 99.
 (./team5.out) (./team5.out)
\@outlinefile=\write5
\openout5 = `team5.out'.

LaTeX Font Info:    Overwriting symbol font `operators' in version `normal'
(Font)                  OT1/cmr/m/n --> OT1/cmss/m/n on input line 99.
LaTeX Font Info:    Overwriting symbol font `operators' in version `bold'
(Font)                  OT1/cmr/bx/n --> OT1/cmss/b/n on input line 99.
\symnumbers=\mathgroup6
\sympureletters=\mathgroup7
LaTeX Font Info:    Overwriting math alphabet `\mathrm' in version `normal'
(Font)                  OT1/cmss/m/n --> TU/lmr/m/n on input line 99.
LaTeX Font Info:    Redeclaring math alphabet \mathbf on input line 99.
LaTeX Font Info:    Overwriting math alphabet `\mathbf' in version `normal'
(Font)                  OT1/cmr/bx/n --> TU/lmss/b/n on input line 99.
LaTeX Font Info:    Overwriting math alphabet `\mathbf' in version `bold'
(Font)                  OT1/cmr/bx/n --> TU/lmss/b/n on input line 99.
LaTeX Font Info:    Redeclaring math alphabet \mathsf on input line 99.
LaTeX Font Info:    Overwriting math alphabet `\mathsf' in version `normal'
(Font)                  OT1/cmss/m/n --> TU/lmss/m/n on input line 99.
LaTeX Font Info:    Overwriting math alphabet `\mathsf' in version `bold'
(Font)                  OT1/cmss/bx/n --> TU/lmss/m/n on input line 99.
LaTeX Font Info:    Redeclaring math alphabet \mathit on input line 99.
LaTeX Font Info:    Overwriting math alphabet `\mathit' in version `normal'
(Font)                  OT1/cmr/m/it --> TU/lmss/m/it on input line 99.
LaTeX Font Info:    Overwriting math alphabet `\mathit' in version `bold'
(Font)                  OT1/cmr/bx/it --> TU/lmss/m/it on input line 99.
LaTeX Font Info:    Redeclaring math alphabet \mathtt on input line 99.
LaTeX Font Info:    Overwriting math alphabet `\mathtt' in version `normal'
(Font)                  OT1/cmtt/m/n --> TU/lmtt/m/n on input line 99.
LaTeX Font Info:    Overwriting math alphabet `\mathtt' in version `bold'
(Font)                  OT1/cmtt/m/n --> TU/lmtt/m/n on input line 99.
LaTeX Font Info:    Overwriting symbol font `numbers' in version `bold'
(Font)                  TU/lmss/m/n --> TU/lmss/b/n on input line 99.
LaTeX Font Info:    Overwriting symbol font `pureletters' in version `bold'
(Font)                  TU/lmss/m/it --> TU/lmss/b/it on input line 99.
LaTeX Font Info:    Overwriting math alphabet `\mathrm' in version `bold'
(Font)                  OT1/cmss/b/n --> TU/lmr/b/n on input line 99.
LaTeX Font Info:    Overwriting math alphabet `\mathbf' in version `bold'
(Font)                  TU/lmss/b/n --> TU/lmss/b/n on input line 99.
LaTeX Font Info:    Overwriting math alphabet `\mathsf' in version `bold'
(Font)                  TU/lmss/m/n --> TU/lmss/b/n on input line 99.
LaTeX Font Info:    Overwriting math alphabet `\mathit' in version `bold'
(Font)                  TU/lmss/m/it --> TU/lmss/b/it on input line 99.
LaTeX Font Info:    Overwriting math alphabet `\mathtt' in version `bold'
(Font)                  TU/lmtt/m/n --> TU/lmtt/b/n on input line 99.

(/usr/local/texlive/2021/texmf-dist/tex/latex/translator/translator-basic-dicti
onary-English.dict
Dictionary: translator-basic-dictionary, Language: English 
)
(/usr/local/texlive/2021/texmf-dist/tex/latex/translator/translator-bibliograph
y-dictionary-English.dict
Dictionary: translator-bibliography-dictionary, Language: English 
)
(/usr/local/texlive/2021/texmf-dist/tex/latex/translator/translator-environment
-dictionary-English.dict
Dictionary: translator-environment-dictionary, Language: English 
)
(/usr/local/texlive/2021/texmf-dist/tex/latex/translator/translator-months-dict
ionary-English.dict
Dictionary: translator-months-dictionary, Language: English 
)
(/usr/local/texlive/2021/texmf-dist/tex/latex/translator/translator-numbers-dic
tionary-English.dict
Dictionary: translator-numbers-dictionary, Language: English 
)
(/usr/local/texlive/2021/texmf-dist/tex/latex/translator/translator-theorem-dic
tionary-English.dict
Dictionary: translator-theorem-dictionary, Language: English 
) (./team5.nav)
Missing character: There is no 5 ("35) in font nullfont!
LaTeX Font Info:    Font shape `TU/lmss/m/it' in size <8> not available
(Font)              Font shape `TU/lmss/m/sl' tried instead on input line 102.
 [1

]
Missing character: There is no 由 (U+7531) in font [lmsans10-regular]:mapping=te
x-text;!
Missing character: There is no 胡 (U+80E1) in font [lmsans10-regular]:mapping=te
x-text;!
Missing character: There is no 克 (U+514B) in font [lmsans10-regular]:mapping=te
x-text;!
Missing character: There is no 定 (U+5B9A) in font [lmsans10-regular]:mapping=te
x-text;!
Missing character: There is no 律 (U+5F8B) in font [lmsans10-regular]:mapping=te
x-text;!
Missing character: There is no 可 (U+53EF) in font [lmsans10-regular]:mapping=te
x-text;!
Missing character: There is no 得 (U+5F97) in font [lmsans10-regular]:mapping=te
x-text;!
Missing character: There is no 经 (U+7ECF) in font [lmsans10-regular]:mapping=te
x-text;!
Missing character: There is no 典 (U+5178) in font [lmsans10-regular]:mapping=te
x-text;!
Missing character: There is no 谐 (U+8C10) in font [lmsans10-regular]:mapping=te
x-text;!
Missing character: There is no 振 (U+632F) in font [lmsans10-regular]:mapping=te
x-text;!
Missing character: There is no 子 (U+5B50) in font [lmsans10-regular]:mapping=te
x-text;!
Missing character: There is no 模 (U+6A21) in font [lmsans10-regular]:mapping=te
x-text;!
Missing character: There is no 型 (U+578B) in font [lmsans10-regular]:mapping=te
x-text;!
LaTeX Font Info:    Trying to load font information for U+msa on input line 126
.

(/usr/local/texlive/2021/texmf-dist/tex/latex/amsfonts/umsa.fd
File: umsa.fd 2013/01/14 v3.01 AMS symbols A
)
LaTeX Font Info:    Trying to load font information for U+msb on input line 126
.

(/usr/local/texlive/2021/texmf-dist/tex/latex/amsfonts/umsb.fd
File: umsb.fd 2013/01/14 v3.01 AMS symbols B
)
LaTeX Font Info:    Font shape `TU/lmss/m/it' in size <10.95> not available
(Font)              Font shape `TU/lmss/m/sl' tried instead on input line 126.
LaTeX Font Info:    Font shape `TU/lmss/m/it' in size <6> not available
(Font)              Font shape `TU/lmss/m/sl' tried instead on input line 126.
Missing character: There is no 其 (U+5176) in font [lmsans10-regular]:mapping=te
x-text;!
Missing character: There is no 解 (U+89E3) in font [lmsans10-regular]:mapping=te
x-text;!
Missing character: There is no 为 (U+4E3A) in font [lmsans10-regular]:mapping=te
x-text;!
Missing character: There is no 其 (U+5176) in font [lmsans10-regular]:mapping=te
x-text;!
Missing character: There is no 中 (U+4E2D) in font [lmsans10-regular]:mapping=te
x-text;!
Missing character: There is no 为 (U+4E3A) in font [lmsans10-regular]:mapping=te
x-text;!
Missing character: There is no 谐 (U+8C10) in font [lmsans10-regular]:mapping=te
x-text;!
Missing character: There is no 振 (U+632F) in font [lmsans10-regular]:mapping=te
x-text;!
Missing character: There is no 子 (U+5B50) in font [lmsans10-regular]:mapping=te
x-text;!
Missing character: There is no 的 (U+7684) in font [lmsans10-regular]:mapping=te
x-text;!
Missing character: There is no 角 (U+89D2) in font [lmsans10-regular]:mapping=te
x-text;!
Missing character: There is no 频 (U+9891) in font [lmsans10-regular]:mapping=te
x-text;!
Missing character: There is no 率 (U+7387) in font [lmsans10-regular]:mapping=te
x-text;!
Missing character: There is no ， (U+FF0C) in font [lmsans10-regular]:mapping=te
x-text;!
Missing character: There is no 可 (U+53EF) in font [lmsans10-regular]:mapping=te
x-text;!
Missing character: There is no 得 (U+5F97) in font [lmsans10-regular]:mapping=te
x-text;!
Missing character: There is no 势 (U+52BF) in font [lmsans10-regular]:mapping=te
x-text;!
Missing character: There is no 能 (U+80FD) in font [lmsans10-regular]:mapping=te
x-text;!
Missing character: There is no 为 (U+4E3A) in font [lmsans10-regular]:mapping=te
x-text;!
Missing character: There is no 同 (U+540C) in font [lmsans10-regular]:mapping=te
x-text;!
Missing character: There is no 时 (U+65F6) in font [lmsans10-regular]:mapping=te
x-text;!
Missing character: There is no 上 (U+4E0A) in font [lmsans10-regular]:mapping=te
x-text;!
Missing character: There is no 式 (U+5F0F) in font [lmsans10-regular]:mapping=te
x-text;!
Missing character: There is no 也 (U+4E5F) in font [lmsans10-regular]:mapping=te
x-text;!
Missing character: There is no 为 (U+4E3A) in font [lmsans10-regular]:mapping=te
x-text;!
Missing character: There is no 量 (U+91CF) in font [lmsans10-regular]:mapping=te
x-text;!
Missing character: There is no 子 (U+5B50) in font [lmsans10-regular]:mapping=te
x-text;!
Missing character: There is no 力 (U+529B) in font [lmsans10-regular]:mapping=te
x-text;!
Missing character: There is no 学 (U+5B66) in font [lmsans10-regular]:mapping=te
x-text;!
Missing character: There is no 问 (U+95EE) in font [lmsans10-regular]:mapping=te
x-text;!
Missing character: There is no 题 (U+9898) in font [lmsans10-regular]:mapping=te
x-text;!
Missing character: There is no 要 (U+8981) in font [lmsans10-regular]:mapping=te
x-text;!
Missing character: There is no 求 (U+6C42) in font [lmsans10-regular]:mapping=te
x-text;!
Missing character: There is no 解 (U+89E3) in font [lmsans10-regular]:mapping=te
x-text;!
Missing character: There is no 的 (U+7684) in font [lmsans10-regular]:mapping=te
x-text;!
Missing character: There is no 势 (U+52BF) in font [lmsans10-regular]:mapping=te
x-text;!
Missing character: There is no 能 (U+80FD) in font [lmsans10-regular]:mapping=te
x-text;!
Missing character: There is no ， (U+FF0C) in font [lmsans10-regular]:mapping=te
x-text;!
Missing character: There is no 即 (U+5373) in font [lmsans10-regular]:mapping=te
x-text;!
Missing character: There is no 求 (U+6C42) in font [lmsans10-regular]:mapping=te
x-text;!
Missing character: There is no 解 (U+89E3) in font [lmsans10-regular]:mapping=te
x-text;!
Missing character: There is no 的 (U+7684) in font [lmsans10-regular]:mapping=te
x-text;!
Missing character: There is no 薛 (U+859B) in font [lmsans10-regular]:mapping=te
x-text;!
Missing character: There is no 定 (U+5B9A) in font [lmsans10-regular]:mapping=te
x-text;!
Missing character: There is no 谔 (U+8C14) in font [lmsans10-regular]:mapping=te
x-text;!
Missing character: There is no 方 (U+65B9) in font [lmsans10-regular]:mapping=te
x-text;!
Missing character: There is no 程 (U+7A0B) in font [lmsans10-regular]:mapping=te
x-text;!
Missing character: There is no 为 (U+4E3A) in font [lmsans10-regular]:mapping=te
x-text;!
Missing character: There is no 放 (U+653E) in font [lmsans12-regular]:mapping=te
x-text;!
Missing character: There is no 假 (U+5047) in font [lmsans12-regular]:mapping=te
x-text;!
Missing character: There is no 啊 (U+554A) in font [lmsans12-regular]:mapping=te
x-text;!
Missing character: There is no 点 (U+70B9) in font [lmsans12-regular]:mapping=te
x-text;!
Missing character: There is no 上 (U+4E0A) in font [lmsans12-regular]:mapping=te
x-text;!
Missing character: There is no 课 (U+8BFE) in font [lmsans12-regular]:mapping=te
x-text;!
Missing character: There is no 呢 (U+5462) in font [lmsans12-regular]:mapping=te
x-text;!
Missing character: There is no 热 (U+70ED) in font [lmsans12-regular]:mapping=te
x-text;!
Missing character: There is no 搜 (U+641C) in font [lmsans12-regular]:mapping=te
x-text;!
Missing character: There is no 刚 (U+521A) in font [lmsans12-regular]:mapping=te
x-text;!
Missing character: There is no 回 (U+56DE) in font [lmsans12-regular]:mapping=te
x-text;!
Missing character: There is no 家 (U+5BB6) in font [lmsans12-regular]:mapping=te
x-text;!
Missing character: There is no 啊 (U+554A) in font [lmsans12-regular]:mapping=te
x-text;!
Missing character: There is no 虽 (U+867D) in font [lmsans12-regular]:mapping=te
x-text;!
Missing character: There is no 然 (U+7136) in font [lmsans12-regular]:mapping=te
x-text;!
Missing character: There is no 离 (U+79BB) in font [lmsans12-regular]:mapping=te
x-text;!
Missing character: There is no 开 (U+5F00) in font [lmsans12-regular]:mapping=te
x-text;!
Missing character: There is no 嘎 (U+560E) in font [lmsans12-regular]:mapping=te
x-text;!
Missing character: There is no 的 (U+7684) in font [lmsans12-regular]:mapping=te
x-text;!
Missing character: There is no 时 (U+65F6) in font [lmsans12-regular]:mapping=te
x-text;!
Missing character: There is no 间 (U+95F4) in font [lmsans12-regular]:mapping=te
x-text;!
Missing character: There is no 管 (U+7BA1) in font [lmsans12-regular]:mapping=te
x-text;!
Missing character: There is no 理 (U+7406) in font [lmsans12-regular]:mapping=te
x-text;!
Missing character: There is no 的 (U+7684) in font [lmsans12-regular]:mapping=te
x-text;!
Missing character: There is no 撒 (U+6492) in font [lmsans12-regular]:mapping=te
x-text;!
Missing character: There is no 反 (U+53CD) in font [lmsans12-regular]:mapping=te
x-text;!
Missing character: There is no 馈 (U+9988) in font [lmsans12-regular]:mapping=te
x-text;!
Missing character: There is no ； (U+FF1B) in font [lmsans12-regular]:mapping=te
x-text;!
Missing character: There is no 加 (U+52A0) in font [lmsans12-regular]:mapping=te
x-text;!
Missing character: There is no 管 (U+7BA1) in font [lmsans12-regular]:mapping=te
x-text;!
Missing character: There is no 理 (U+7406) in font [lmsans12-regular]:mapping=te
x-text;!
Missing character: There is no 的 (U+7684) in font [lmsans12-regular]:mapping=te
x-text;!
Missing character: There is no 撒 (U+6492) in font [lmsans12-regular]:mapping=te
x-text;!
Missing character: There is no 开 (U+5F00) in font [lmsans12-regular]:mapping=te
x-text;!
 [2

]
(./team5.toc
Missing character: There is no 代 (U+4EE3) in font [lmsans10-regular]:mapping=te
x-text;!
Missing character: There is no 数 (U+6570) in font [lmsans10-regular]:mapping=te
x-text;!
Missing character: There is no 法 (U+6CD5) in font [lmsans10-regular]:mapping=te
x-text;!
Missing character: There is no 解 (U+89E3) in font [lmsans10-regular]:mapping=te
x-text;!
Missing character: There is no 析 (U+6790) in font [lmsans10-regular]:mapping=te
x-text;!
Missing character: There is no 法 (U+6CD5) in font [lmsans10-regular]:mapping=te
x-text;!
)
Missing character: There is no 目 (U+76EE) in font [lmsans12-regular]:mapping=te
x-text;!
Missing character: There is no 录 (U+5F55) in font [lmsans12-regular]:mapping=te
x-text;!
 [3

]
Missing character: There is no 将 (U+5C06) in font [lmsans10-regular]:mapping=te
x-text;!
Missing character: There is no 式 (U+5F0F) in font [lmsans10-regular]:mapping=te
x-text;!
Missing character: There is no 写 (U+5199) in font [lmsans10-regular]:mapping=te
x-text;!
Missing character: There is no 成 (U+6210) in font [lmsans10-regular]:mapping=te
x-text;!
Missing character: There is no 下 (U+4E0B) in font [lmsans10-regular]:mapping=te
x-text;!
Missing character: There is no 面 (U+9762) in font [lmsans10-regular]:mapping=te
x-text;!
Missing character: There is no 的 (U+7684) in font [lmsans10-regular]:mapping=te
x-text;!
Missing character: There is no 形 (U+5F62) in font [lmsans10-regular]:mapping=te
x-text;!
Missing character: There is no 式 (U+5F0F) in font [lmsans10-regular]:mapping=te
x-text;!
Missing character: There is no 如 (U+5982) in font [lmsans10-regular]:mapping=te
x-text;!
Missing character: There is no 何 (U+4F55) in font [lmsans10-regular]:mapping=te
x-text;!
Missing character: There is no 求 (U+6C42) in font [lmsans10-regular]:mapping=te
x-text;!
Missing character: There is no 解 (U+89E3) in font [lmsans10-regular]:mapping=te
x-text;!
Missing character: There is no 上 (U+4E0A) in font [lmsans10-regular]:mapping=te
x-text;!
Missing character: There is no 面 (U+9762) in font [lmsans10-regular]:mapping=te
x-text;!
Missing character: There is no 的 (U+7684) in font [lmsans10-regular]:mapping=te
x-text;!
Missing character: There is no 方 (U+65B9) in font [lmsans10-regular]:mapping=te
x-text;!
Missing character: There is no 程 (U+7A0B) in font [lmsans10-regular]:mapping=te
x-text;!
Missing character: There is no ， (U+FF0C) in font [lmsans10-regular]:mapping=te
x-text;!
Missing character: There is no 基 (U+57FA) in font [lmsans10-regular]:mapping=te
x-text;!
Missing character: There is no 本 (U+672C) in font [lmsans10-regular]:mapping=te
x-text;!
Missing character: There is no 的 (U+7684) in font [lmsans10-regular]:mapping=te
x-text;!
Missing character: There is no 思 (U+601D) in font [lmsans10-regular]:mapping=te
x-text;!
Missing character: There is no 想 (U+60F3) in font [lmsans10-regular]:mapping=te
x-text;!
Missing character: There is no 就 (U+5C31) in font [lmsans10-regular]:mapping=te
x-text;!
Missing character: There is no 是 (U+662F) in font [lmsans10-regular]:mapping=te
x-text;!
Missing character: There is no 分 (U+5206) in font [lmsans10-regular]:mapping=te
x-text;!
Missing character: There is no 解 (U+89E3) in font [lmsans10-regular]:mapping=te
x-text;!
Missing character: There is no 哈 (U+54C8) in font [lmsans10-regular]:mapping=te
x-text;!
Missing character: There is no 密 (U+5BC6) in font [lmsans10-regular]:mapping=te
x-text;!
Missing character: There is no 顿 (U+987F) in font [lmsans10-regular]:mapping=te
x-text;!
Missing character: There is no 算 (U+7B97) in font [lmsans10-regular]:mapping=te
x-text;!
Missing character: There is no 符 (U+7B26) in font [lmsans10-regular]:mapping=te
x-text;!
Missing character: There is no 引 (U+5F15) in font [lmsans10-regular]:mapping=te
x-text;!
Missing character: There is no 入 (U+5165) in font [lmsans10-regular]:mapping=te
x-text;!
Missing character: There is no 以 (U+4EE5) in font [lmsans10-regular]:mapping=te
x-text;!
Missing character: There is no 下 (U+4E0B) in font [lmsans10-regular]:mapping=te
x-text;!
Missing character: There is no 变 (U+53D8) in font [lmsans10-regular]:mapping=te
x-text;!
Missing character: There is no 量 (U+91CF) in font [lmsans10-regular]:mapping=te
x-text;!
Missing character: There is no 代 (U+4EE3) in font [lmsans12-regular]:mapping=te
x-text;!
Missing character: There is no 数 (U+6570) in font [lmsans12-regular]:mapping=te
x-text;!
Missing character: There is no 法 (U+6CD5) in font [lmsans12-regular]:mapping=te
x-text;!
Missing character: There is no 代 (U+4EE3) in font [lmsans8-regular]:mapping=tex
-text;!
Missing character: There is no 数 (U+6570) in font [lmsans8-regular]:mapping=tex
-text;!
Missing character: There is no 法 (U+6CD5) in font [lmsans8-regular]:mapping=tex
-text;!
 [4

]
Missing character: There is no 计 (U+8BA1) in font [lmsans10-regular]:mapping=te
x-text;!
Missing character: There is no 算 (U+7B97) in font [lmsans10-regular]:mapping=te
x-text;!
Missing character: There is no 的 (U+7684) in font [lmsans10-regular]:mapping=te
x-text;!
Missing character: There is no 乘 (U+4E58) in font [lmsans10-regular]:mapping=te
x-text;!
Missing character: There is no 积 (U+79EF) in font [lmsans10-regular]:mapping=te
x-text;!
Missing character: There is no 其 (U+5176) in font [lmsans10-regular]:mapping=te
x-text;!
Missing character: There is no 中 (U+4E2D) in font [lmsans10-regular]:mapping=te
x-text;!
Missing character: There is no 有 (U+6709) in font [lmsans10-regular]:mapping=te
x-text;!
Missing character: There is no 一 (U+4E00) in font [lmsans10-regular]:mapping=te
x-text;!
Missing character: There is no 个 (U+4E2A) in font [lmsans10-regular]:mapping=te
x-text;!
Missing character: There is no 额 (U+989D) in font [lmsans10-regular]:mapping=te
x-text;!
Missing character: There is no 外 (U+5916) in font [lmsans10-regular]:mapping=te
x-text;!
Missing character: There is no 的 (U+7684) in font [lmsans10-regular]:mapping=te
x-text;!
Missing character: There is no 项 (U+9879) in font [lmsans10-regular]:mapping=te
x-text;!
Missing character: There is no ， (U+FF0C) in font [lmsans10-regular]:mapping=te
x-text;!
Missing character: There is no 涉 (U+6D89) in font [lmsans10-regular]:mapping=te
x-text;!
Missing character: There is no 及 (U+53CA) in font [lmsans10-regular]:mapping=te
x-text;!
Missing character: There is no 到 (U+5230) in font [lmsans10-regular]:mapping=te
x-text;!
Missing character: There is no 我 (U+6211) in font [lmsans10-regular]:mapping=te
x-text;!
Missing character: There is no 们 (U+4EEC) in font [lmsans10-regular]:mapping=te
x-text;!
Missing character: There is no 称 (U+79F0) in font [lmsans10-regular]:mapping=te
x-text;!
Missing character: There is no 其 (U+5176) in font [lmsans10-regular]:mapping=te
x-text;!
Missing character: There is no 为 (U+4E3A) in font [lmsans10-regular]:mapping=te
x-text;!
Missing character: There is no 与 (U+4E0E) in font [lmsans10-regular]:mapping=te
x-text;!
Missing character: There is no 的 (U+7684) in font [lmsans10-regular]:mapping=te
x-text;!
Missing character: There is no 对 (U+5BF9) in font [lmsans10-regular]:mapping=te
x-text;!
Missing character: There is no 易 (U+6613) in font [lmsans10-regular]:mapping=te
x-text;!
Missing character: There is no 式 (U+5F0F) in font [lmsans10-regular]:mapping=te
x-text;!
Missing character: There is no 。 (U+3002) in font [lmsans10-regular]:mapping=te
x-text;!
Missing character: There is no 一 (U+4E00) in font [lmsans10-regular]:mapping=te
x-text;!
Missing character: There is no 般 (U+822C) in font [lmsans10-regular]:mapping=te
x-text;!
Missing character: There is no 情 (U+60C5) in font [lmsans10-regular]:mapping=te
x-text;!
Missing character: There is no 况 (U+51B5) in font [lmsans10-regular]:mapping=te
x-text;!
Missing character: There is no ， (U+FF0C) in font [lmsans10-regular]:mapping=te
x-text;!
Missing character: There is no 算 (U+7B97) in font [lmsans10-regular]:mapping=te
x-text;!
Missing character: There is no 符 (U+7B26) in font [lmsans10-regular]:mapping=te
x-text;!
Missing character: There is no 和 (U+548C) in font [lmsans10-regular]:mapping=te
x-text;!
Missing character: There is no 的 (U+7684) in font [lmsans10-regular]:mapping=te
x-text;!
Missing character: There is no 对 (U+5BF9) in font [lmsans10-regular]:mapping=te
x-text;!
Missing character: There is no 易 (U+6613) in font [lmsans10-regular]:mapping=te
x-text;!
Missing character: There is no 式 (U+5F0F) in font [lmsans10-regular]:mapping=te
x-text;!
Missing character: There is no 是 (U+662F) in font [lmsans10-regular]:mapping=te
x-text;!
Missing character: There is no 这 (U+8FD9) in font [lmsans10-regular]:mapping=te
x-text;!
Missing character: There is no 样 (U+6837) in font [lmsans10-regular]:mapping=te
x-text;!
Missing character: There is no ， (U+FF0C) in font [lmsans10-regular]:mapping=te
x-text;!
Missing character: There is no 式 (U+5F0F) in font [lmsans10-regular]:mapping=te
x-text;!
Missing character: There is no 可 (U+53EF) in font [lmsans10-regular]:mapping=te
x-text;!
Missing character: There is no 表 (U+8868) in font [lmsans10-regular]:mapping=te
x-text;!
Missing character: There is no 示 (U+793A) in font [lmsans10-regular]:mapping=te
x-text;!
Missing character: There is no 为 (U+4E3A) in font [lmsans10-regular]:mapping=te
x-text;!
Missing character: There is no 代 (U+4EE3) in font [lmsans8-regular]:mapping=tex
-text;!
Missing character: There is no 数 (U+6570) in font [lmsans8-regular]:mapping=tex
-text;!
Missing character: There is no 法 (U+6CD5) in font [lmsans8-regular]:mapping=tex
-text;!
 [5

]
Missing character: There is no 求 (U+6C42) in font [lmsans10-regular]:mapping=te
x-text;!
Missing character: There is no 解 (U+89E3) in font [lmsans10-regular]:mapping=te
x-text;!
Missing character: There is no 和 (U+548C) in font [lmsans10-regular]:mapping=te
x-text;!
Missing character: There is no 的 (U+7684) in font [lmsans10-regular]:mapping=te
x-text;!
Missing character: There is no 对 (U+5BF9) in font [lmsans10-regular]:mapping=te
x-text;!
Missing character: There is no 易 (U+6613) in font [lmsans10-regular]:mapping=te
x-text;!
Missing character: There is no 式 (U+5F0F) in font [lmsans10-regular]:mapping=te
x-text;!
Missing character: There is no ， (U+FF0C) in font [lmsans10-regular]:mapping=te
x-text;!
Missing character: There is no 引 (U+5F15) in font [lmsans10-regular]:mapping=te
x-text;!
Missing character: There is no 入 (U+5165) in font [lmsans10-regular]:mapping=te
x-text;!
Missing character: There is no 测 (U+6D4B) in font [lmsans10-regular]:mapping=te
x-text;!
Missing character: There is no 试 (U+8BD5) in font [lmsans10-regular]:mapping=te
x-text;!
Missing character: There is no 函 (U+51FD) in font [lmsans10-regular]:mapping=te
x-text;!
Missing character: There is no 数 (U+6570) in font [lmsans10-regular]:mapping=te
x-text;!
Missing character: There is no 最 (U+6700) in font [lmsans10-regular]:mapping=te
x-text;!
Missing character: There is no 终 (U+7EC8) in font [lmsans10-regular]:mapping=te
x-text;!
Missing character: There is no 可 (U+53EF) in font [lmsans10-regular]:mapping=te
x-text;!
Missing character: There is no 得 (U+5F97) in font [lmsans10-regular]:mapping=te
x-text;!
Missing character: There is no 到 (U+5230) in font [lmsans10-regular]:mapping=te
x-text;!
Missing character: There is no 上 (U+4E0A) in font [lmsans10-regular]:mapping=te
x-text;!
Missing character: There is no 式 (U+5F0F) in font [lmsans10-regular]:mapping=te
x-text;!
Missing character: There is no 称 (U+79F0) in font [lmsans10-regular]:mapping=te
x-text;!
Missing character: There is no 为 (U+4E3A) in font [lmsans10-regular]:mapping=te
x-text;!
Missing character: There is no 正 (U+6B63) in font [lmsans10-regular]:mapping=te
x-text;!
Missing character: There is no 则 (U+5219) in font [lmsans10-regular]:mapping=te
x-text;!
Missing character: There is no 对 (U+5BF9) in font [lmsans10-regular]:mapping=te
x-text;!
Missing character: There is no 易 (U+6613) in font [lmsans10-regular]:mapping=te
x-text;!
Missing character: There is no 关 (U+5173) in font [lmsans10-regular]:mapping=te
x-text;!
Missing character: There is no 系 (U+7CFB) in font [lmsans10-regular]:mapping=te
x-text;!
Missing character: There is no 利 (U+5229) in font [lmsans10-regular]:mapping=te
x-text;!
Missing character: There is no 用 (U+7528) in font [lmsans10-regular]:mapping=te
x-text;!
Missing character: There is no 该 (U+8BE5) in font [lmsans10-regular]:mapping=te
x-text;!
Missing character: There is no 关 (U+5173) in font [lmsans10-regular]:mapping=te
x-text;!
Missing character: There is no 系 (U+7CFB) in font [lmsans10-regular]:mapping=te
x-text;!
Missing character: There is no ， (U+FF0C) in font [lmsans10-regular]:mapping=te
x-text;!
Missing character: There is no 式 (U+5F0F) in font [lmsans10-regular]:mapping=te
x-text;!
Missing character: There is no 可 (U+53EF) in font [lmsans10-regular]:mapping=te
x-text;!
Missing character: There is no 写 (U+5199) in font [lmsans10-regular]:mapping=te
x-text;!
Missing character: There is no 为 (U+4E3A) in font [lmsans10-regular]:mapping=te
x-text;!
Missing character: There is no 若 (U+82E5) in font [lmsans10-regular]:mapping=te
x-text;!
Missing character: There is no 在 (U+5728) in font [lmsans10-regular]:mapping=te
x-text;!
Missing character: There is no 左 (U+5DE6) in font [lmsans10-regular]:mapping=te
x-text;!
Missing character: There is no 边 (U+8FB9) in font [lmsans10-regular]:mapping=te
x-text;!
Missing character: There is no ， (U+FF0C) in font [lmsans10-regular]:mapping=te
x-text;!
Missing character: There is no 则 (U+5219) in font [lmsans10-regular]:mapping=te
x-text;!
Missing character: There is no 有 (U+6709) in font [lmsans10-regular]:mapping=te
x-text;!
Missing character: There is no 由 (U+7531) in font [lmsans10-regular]:mapping=te
x-text;!
Missing character: There is no 以 (U+4EE5) in font [lmsans10-regular]:mapping=te
x-text;!
Missing character: There is no 上 (U+4E0A) in font [lmsans10-regular]:mapping=te
x-text;!
Missing character: There is no 两 (U+4E24) in font [lmsans10-regular]:mapping=te
x-text;!
Missing character: There is no 式 (U+5F0F) in font [lmsans10-regular]:mapping=te
x-text;!
Missing character: There is no 可 (U+53EF) in font [lmsans10-regular]:mapping=te
x-text;!
Missing character: There is no 得 (U+5F97) in font [lmsans10-regular]:mapping=te
x-text;!
Missing character: There is no 代 (U+4EE3) in font [lmsans8-regular]:mapping=tex
-text;!
Missing character: There is no 数 (U+6570) in font [lmsans8-regular]:mapping=tex
-text;!
Missing character: There is no 法 (U+6CD5) in font [lmsans8-regular]:mapping=tex
-text;!
 [6

]
Missing character: There is no 根 (U+6839) in font [lmsans10-regular]:mapping=te
x-text;!
Missing character: There is no 据 (U+636E) in font [lmsans10-regular]:mapping=te
x-text;!
Missing character: There is no 式 (U+5F0F) in font [lmsans10-regular]:mapping=te
x-text;!
Missing character: There is no ， (U+FF0C) in font [lmsans10-regular]:mapping=te
x-text;!
Missing character: There is no 我 (U+6211) in font [lmsans10-regular]:mapping=te
x-text;!
Missing character: There is no 们 (U+4EEC) in font [lmsans10-regular]:mapping=te
x-text;!
Missing character: There is no 可 (U+53EF) in font [lmsans10-regular]:mapping=te
x-text;!
Missing character: There is no 以 (U+4EE5) in font [lmsans10-regular]:mapping=te
x-text;!
Missing character: There is no 将 (U+5C06) in font [lmsans10-regular]:mapping=te
x-text;!
Missing character: There is no 哈 (U+54C8) in font [lmsans10-regular]:mapping=te
x-text;!
Missing character: There is no 密 (U+5BC6) in font [lmsans10-regular]:mapping=te
x-text;!
Missing character: There is no 顿 (U+987F) in font [lmsans10-regular]:mapping=te
x-text;!
Missing character: There is no 量 (U+91CF) in font [lmsans10-regular]:mapping=te
x-text;!
Missing character: There is no 写 (U+5199) in font [lmsans10-regular]:mapping=te
x-text;!
Missing character: There is no 为 (U+4E3A) in font [lmsans10-regular]:mapping=te
x-text;!
Missing character: There is no 和 (U+548C) in font [lmsans10-regular]:mapping=te
x-text;!
Missing character: There is no 利 (U+5229) in font [lmsans10-regular]:mapping=te
x-text;!
Missing character: There is no 用 (U+7528) in font [lmsans10-regular]:mapping=te
x-text;!
Missing character: There is no 可 (U+53EF) in font [lmsans10-regular]:mapping=te
x-text;!
Missing character: There is no 以 (U+4EE5) in font [lmsans10-regular]:mapping=te
x-text;!
Missing character: There is no 将 (U+5C06) in font [lmsans10-regular]:mapping=te
x-text;!
Missing character: There is no 谐 (U+8C10) in font [lmsans10-regular]:mapping=te
x-text;!
Missing character: There is no 振 (U+632F) in font [lmsans10-regular]:mapping=te
x-text;!
Missing character: There is no 子 (U+5B50) in font [lmsans10-regular]:mapping=te
x-text;!
Missing character: There is no 的 (U+7684) in font [lmsans10-regular]:mapping=te
x-text;!
Missing character: There is no 薛 (U+859B) in font [lmsans10-regular]:mapping=te
x-text;!
Missing character: There is no 定 (U+5B9A) in font [lmsans10-regular]:mapping=te
x-text;!
Missing character: There is no 谔 (U+8C14) in font [lmsans10-regular]:mapping=te
x-text;!
Missing character: There is no 方 (U+65B9) in font [lmsans10-regular]:mapping=te
x-text;!
Missing character: There is no 程 (U+7A0B) in font [lmsans10-regular]:mapping=te
x-text;!
Missing character: There is no 写 (U+5199) in font [lmsans10-regular]:mapping=te
x-text;!
Missing character: There is no 成 (U+6210) in font [lmsans10-regular]:mapping=te
x-text;!
Missing character: There is no 如 (U+5982) in font [lmsans10-regular]:mapping=te
x-text;!
Missing character: There is no 下 (U+4E0B) in font [lmsans10-regular]:mapping=te
x-text;!
Missing character: There is no 的 (U+7684) in font [lmsans10-regular]:mapping=te
x-text;!
Missing character: There is no 形 (U+5F62) in font [lmsans10-regular]:mapping=te
x-text;!
Missing character: There is no 式 (U+5F0F) in font [lmsans10-regular]:mapping=te
x-text;!
Missing character: There is no 代 (U+4EE3) in font [lmsans8-regular]:mapping=tex
-text;!
Missing character: There is no 数 (U+6570) in font [lmsans8-regular]:mapping=tex
-text;!
Missing character: There is no 法 (U+6CD5) in font [lmsans8-regular]:mapping=tex
-text;!
 [7

]
Missing character: There is no 若 (U+82E5) in font [lmsans10-regular]:mapping=te
x-text;!
Missing character: There is no 能 (U+80FD) in font [lmsans10-regular]:mapping=te
x-text;!
Missing character: There is no 够 (U+591F) in font [lmsans10-regular]:mapping=te
x-text;!
Missing character: There is no 满 (U+6EE1) in font [lmsans10-regular]:mapping=te
x-text;!
Missing character: There is no 足 (U+8DB3) in font [lmsans10-regular]:mapping=te
x-text;!
Missing character: There is no 能 (U+80FD) in font [lmsans10-regular]:mapping=te
x-text;!
Missing character: There is no 量 (U+91CF) in font [lmsans10-regular]:mapping=te
x-text;!
Missing character: There is no 为 (U+4E3A) in font [lmsans10-regular]:mapping=te
x-text;!
Missing character: There is no 的 (U+7684) in font [lmsans10-regular]:mapping=te
x-text;!
Missing character: There is no 薛 (U+859B) in font [lmsans10-regular]:mapping=te
x-text;!
Missing character: There is no 定 (U+5B9A) in font [lmsans10-regular]:mapping=te
x-text;!
Missing character: There is no 谔 (U+8C14) in font [lmsans10-regular]:mapping=te
x-text;!
Missing character: There is no 方 (U+65B9) in font [lmsans10-regular]:mapping=te
x-text;!
Missing character: There is no 程 (U+7A0B) in font [lmsans10-regular]:mapping=te
x-text;!
Missing character: There is no 则 (U+5219) in font [lmsans10-regular]:mapping=te
x-text;!
Missing character: There is no 就 (U+5C31) in font [lmsans10-regular]:mapping=te
x-text;!
Missing character: There is no 会 (U+4F1A) in font [lmsans10-regular]:mapping=te
x-text;!
Missing character: There is no 满 (U+6EE1) in font [lmsans10-regular]:mapping=te
x-text;!
Missing character: There is no 足 (U+8DB3) in font [lmsans10-regular]:mapping=te
x-text;!
Missing character: There is no 能 (U+80FD) in font [lmsans10-regular]:mapping=te
x-text;!
Missing character: There is no 量 (U+91CF) in font [lmsans10-regular]:mapping=te
x-text;!
Missing character: There is no 为 (U+4E3A) in font [lmsans10-regular]:mapping=te
x-text;!
Missing character: There is no 的 (U+7684) in font [lmsans10-regular]:mapping=te
x-text;!
Missing character: There is no 薛 (U+859B) in font [lmsans10-regular]:mapping=te
x-text;!
Missing character: There is no 定 (U+5B9A) in font [lmsans10-regular]:mapping=te
x-text;!
Missing character: There is no 谔 (U+8C14) in font [lmsans10-regular]:mapping=te
x-text;!
Missing character: There is no 方 (U+65B9) in font [lmsans10-regular]:mapping=te
x-text;!
Missing character: There is no 程 (U+7A0B) in font [lmsans10-regular]:mapping=te
x-text;!
Missing character: There is no ， (U+FF0C) in font [lmsans10-regular]:mapping=te
x-text;!
Missing character: There is no 证 (U+8BC1) in font [lmsans10-regular]:mapping=te
x-text;!
Missing character: There is no 明 (U+660E) in font [lmsans10-regular]:mapping=te
x-text;!
Missing character: There is no 如 (U+5982) in font [lmsans10-regular]:mapping=te
x-text;!
Missing character: There is no 下 (U+4E0B) in font [lmsans10-regular]:mapping=te
x-text;!
Missing character: There is no 同 (U+540C) in font [lmsans10-regular]:mapping=te
x-text;!
Missing character: There is no 理 (U+7406) in font [lmsans10-regular]:mapping=te
x-text;!
Missing character: There is no 可 (U+53EF) in font [lmsans10-regular]:mapping=te
x-text;!
Missing character: There is no 证 (U+8BC1) in font [lmsans10-regular]:mapping=te
x-text;!
Missing character: There is no ， (U+FF0C) in font [lmsans10-regular]:mapping=te
x-text;!
Missing character: There is no 是 (U+662F) in font [lmsans10-regular]:mapping=te
x-text;!
Missing character: There is no 能 (U+80FD) in font [lmsans10-regular]:mapping=te
x-text;!
Missing character: There is no 量 (U+91CF) in font [lmsans10-regular]:mapping=te
x-text;!
Missing character: There is no 为 (U+4E3A) in font [lmsans10-regular]:mapping=te
x-text;!
Missing character: There is no 的 (U+7684) in font [lmsans10-regular]:mapping=te
x-text;!
Missing character: There is no 解 (U+89E3) in font [lmsans10-regular]:mapping=te
x-text;!
Missing character: There is no 。 (U+3002) in font [lmsans10-regular]:mapping=te
x-text;!
Missing character: There is no 代 (U+4EE3) in font [lmsans8-regular]:mapping=tex
-text;!
Missing character: There is no 数 (U+6570) in font [lmsans8-regular]:mapping=tex
-text;!
Missing character: There is no 法 (U+6CD5) in font [lmsans8-regular]:mapping=tex
-text;!
 [8

]
Missing character: There is no 在 (U+5728) in font [lmsans10-regular]:mapping=te
x-text;!
Missing character: There is no 上 (U+4E0A) in font [lmsans10-regular]:mapping=te
x-text;!
Missing character: There is no 述 (U+8FF0) in font [lmsans10-regular]:mapping=te
x-text;!
Missing character: There is no 方 (U+65B9) in font [lmsans10-regular]:mapping=te
x-text;!
Missing character: There is no 法 (U+6CD5) in font [lmsans10-regular]:mapping=te
x-text;!
Missing character: There is no 中 (U+4E2D) in font [lmsans10-regular]:mapping=te
x-text;!
Missing character: There is no ， (U+FF0C) in font [lmsans10-regular]:mapping=te
x-text;!
Missing character: There is no 若 (U+82E5) in font [lmsans10-regular]:mapping=te
x-text;!
Missing character: There is no 我 (U+6211) in font [lmsans10-regular]:mapping=te
x-text;!
Missing character: There is no 们 (U+4EEC) in font [lmsans10-regular]:mapping=te
x-text;!
Missing character: There is no 得 (U+5F97) in font [lmsans10-regular]:mapping=te
x-text;!
Missing character: There is no 到 (U+5230) in font [lmsans10-regular]:mapping=te
x-text;!
Missing character: There is no 一 (U+4E00) in font [lmsans10-regular]:mapping=te
x-text;!
Missing character: There is no 个 (U+4E2A) in font [lmsans10-regular]:mapping=te
x-text;!
Missing character: There is no 解 (U+89E3) in font [lmsans10-regular]:mapping=te
x-text;!
Missing character: There is no ， (U+FF0C) in font [lmsans10-regular]:mapping=te
x-text;!
Missing character: There is no 我 (U+6211) in font [lmsans10-regular]:mapping=te
x-text;!
Missing character: There is no 们 (U+4EEC) in font [lmsans10-regular]:mapping=te
x-text;!
Missing character: There is no 就 (U+5C31) in font [lmsans10-regular]:mapping=te
x-text;!
Missing character: There is no 可 (U+53EF) in font [lmsans10-regular]:mapping=te
x-text;!
Missing character: There is no 以 (U+4EE5) in font [lmsans10-regular]:mapping=te
x-text;!
Missing character: There is no 通 (U+901A) in font [lmsans10-regular]:mapping=te
x-text;!
Missing character: There is no 过 (U+8FC7) in font [lmsans10-regular]:mapping=te
x-text;!
Missing character: There is no 升 (U+5347) in font [lmsans10-regular]:mapping=te
x-text;!
Missing character: There is no 降 (U+964D) in font [lmsans10-regular]:mapping=te
x-text;!
Missing character: There is no 能 (U+80FD) in font [lmsans10-regular]:mapping=te
x-text;!
Missing character: There is no 量 (U+91CF) in font [lmsans10-regular]:mapping=te
x-text;!
Missing character: There is no 得 (U+5F97) in font [lmsans10-regular]:mapping=te
x-text;!
Missing character: There is no 到 (U+5230) in font [lmsans10-regular]:mapping=te
x-text;!
Missing character: There is no 其 (U+5176) in font [lmsans10-regular]:mapping=te
x-text;!
Missing character: There is no 它 (U+5B83) in font [lmsans10-regular]:mapping=te
x-text;!
Missing character: There is no 的 (U+7684) in font [lmsans10-regular]:mapping=te
x-text;!
Missing character: There is no 解 (U+89E3) in font [lmsans10-regular]:mapping=te
x-text;!
Missing character: There is no ， (U+FF0C) in font [lmsans10-regular]:mapping=te
x-text;!
Missing character: There is no 我 (U+6211) in font [lmsans10-regular]:mapping=te
x-text;!
Missing character: There is no 们 (U+4EEC) in font [lmsans10-regular]:mapping=te
x-text;!
Missing character: There is no 把 (U+628A) in font [lmsans10-regular]:mapping=te
x-text;!
Missing character: There is no 升 (U+5347) in font [lmsans10-regular]:mapping=te
x-text;!
Missing character: There is no 降 (U+964D) in font [lmsans10-regular]:mapping=te
x-text;!
Missing character: There is no 阶 (U+9636) in font [lmsans10-regular]:mapping=te
x-text;!
Missing character: There is no 算 (U+7B97) in font [lmsans10-regular]:mapping=te
x-text;!
Missing character: There is no 符 (U+7B26) in font [lmsans10-regular]:mapping=te
x-text;!
Missing character: There is no 。 (U+3002) in font [lmsans10-regular]:mapping=te
x-text;!
Missing character: There is no 如 (U+5982) in font [lmsans10-regular]:mapping=te
x-text;!
Missing character: There is no 果 (U+679C) in font [lmsans10-regular]:mapping=te
x-text;!
Missing character: There is no 我 (U+6211) in font [lmsans10-regular]:mapping=te
x-text;!
Missing character: There is no 们 (U+4EEC) in font [lmsans10-regular]:mapping=te
x-text;!
Missing character: There is no 反 (U+53CD) in font [lmsans10-regular]:mapping=te
x-text;!
Missing character: There is no 复 (U+590D) in font [lmsans10-regular]:mapping=te
x-text;!
Missing character: There is no 利 (U+5229) in font [lmsans10-regular]:mapping=te
x-text;!
Missing character: There is no 用 (U+7528) in font [lmsans10-regular]:mapping=te
x-text;!
Missing character: There is no 升 (U+5347) in font [lmsans10-regular]:mapping=te
x-text;!
Missing character: There is no 降 (U+964D) in font [lmsans10-regular]:mapping=te
x-text;!
Missing character: There is no 阶 (U+9636) in font [lmsans10-regular]:mapping=te
x-text;!
Missing character: There is no 算 (U+7B97) in font [lmsans10-regular]:mapping=te
x-text;!
Missing character: There is no 符 (U+7B26) in font [lmsans10-regular]:mapping=te
x-text;!
Missing character: There is no ， (U+FF0C) in font [lmsans10-regular]:mapping=te
x-text;!
Missing character: There is no 就 (U+5C31) in font [lmsans10-regular]:mapping=te
x-text;!
Missing character: There is no 会 (U+4F1A) in font [lmsans10-regular]:mapping=te
x-text;!
Missing character: There is no 得 (U+5F97) in font [lmsans10-regular]:mapping=te
x-text;!
Missing character: There is no 到 (U+5230) in font [lmsans10-regular]:mapping=te
x-text;!
Missing character: There is no 低 (U+4F4E) in font [lmsans10-regular]:mapping=te
x-text;!
Missing character: There is no 于 (U+4E8E) in font [lmsans10-regular]:mapping=te
x-text;!
Missing character: There is no 零 (U+96F6) in font [lmsans10-regular]:mapping=te
x-text;!
Missing character: There is no 的 (U+7684) in font [lmsans10-regular]:mapping=te
x-text;!
Missing character: There is no 能 (U+80FD) in font [lmsans10-regular]:mapping=te
x-text;!
Missing character: There is no 量 (U+91CF) in font [lmsans10-regular]:mapping=te
x-text;!
Missing character: There is no 状 (U+72B6) in font [lmsans10-regular]:mapping=te
x-text;!
Missing character: There is no 态 (U+6001) in font [lmsans10-regular]:mapping=te
x-text;!
Missing character: There is no ， (U+FF0C) in font [lmsans10-regular]:mapping=te
x-text;!
Missing character: There is no 这 (U+8FD9) in font [lmsans10-regular]:mapping=te
x-text;!
Missing character: There is no 种 (U+79CD) in font [lmsans10-regular]:mapping=te
x-text;!
Missing character: There is no 情 (U+60C5) in font [lmsans10-regular]:mapping=te
x-text;!
Missing character: There is no 况 (U+51B5) in font [lmsans10-regular]:mapping=te
x-text;!
Missing character: There is no 并 (U+5E76) in font [lmsans10-regular]:mapping=te
x-text;!
Missing character: There is no 不 (U+4E0D) in font [lmsans10-regular]:mapping=te
x-text;!
Missing character: There is no 存 (U+5B58) in font [lmsans10-regular]:mapping=te
x-text;!
Missing character: There is no 在 (U+5728) in font [lmsans10-regular]:mapping=te
x-text;!
Missing character: There is no ， (U+FF0C) in font [lmsans10-regular]:mapping=te
x-text;!
Missing character: There is no 所 (U+6240) in font [lmsans10-regular]:mapping=te
x-text;!
Missing character: There is no 以 (U+4EE5) in font [lmsans10-regular]:mapping=te
x-text;!
Missing character: There is no 存 (U+5B58) in font [lmsans10-regular]:mapping=te
x-text;!
Missing character: There is no 在 (U+5728) in font [lmsans10-regular]:mapping=te
x-text;!
Missing character: There is no 一 (U+4E00) in font [lmsans10-regular]:mapping=te
x-text;!
Missing character: There is no 个 (U+4E2A) in font [lmsans10-regular]:mapping=te
x-text;!
Missing character: There is no 最 (U+6700) in font [lmsans10-regular]:mapping=te
x-text;!
Missing character: There is no 低 (U+4F4E) in font [lmsans10-regular]:mapping=te
x-text;!
Missing character: There is no 的 (U+7684) in font [lmsans10-regular]:mapping=te
x-text;!
Missing character: There is no 波 (U+6CE2) in font [lmsans10-regular]:mapping=te
x-text;!
Missing character: There is no 函 (U+51FD) in font [lmsans10-regular]:mapping=te
x-text;!
Missing character: There is no 数 (U+6570) in font [lmsans10-regular]:mapping=te
x-text;!
Missing character: There is no 使 (U+4F7F) in font [lmsans10-regular]:mapping=te
x-text;!
Missing character: There is no 得 (U+5F97) in font [lmsans10-regular]:mapping=te
x-text;!
Missing character: There is no 利 (U+5229) in font [lmsans10-regular]:mapping=te
x-text;!
Missing character: There is no 用 (U+7528) in font [lmsans10-regular]:mapping=te
x-text;!
Missing character: There is no 上 (U+4E0A) in font [lmsans10-regular]:mapping=te
x-text;!
Missing character: There is no 式 (U+5F0F) in font [lmsans10-regular]:mapping=te
x-text;!
Missing character: There is no 我 (U+6211) in font [lmsans10-regular]:mapping=te
x-text;!
Missing character: There is no 们 (U+4EEC) in font [lmsans10-regular]:mapping=te
x-text;!
Missing character: There is no 可 (U+53EF) in font [lmsans10-regular]:mapping=te
x-text;!
Missing character: There is no 以 (U+4EE5) in font [lmsans10-regular]:mapping=te
x-text;!
Missing character: There is no 确 (U+786E) in font [lmsans10-regular]:mapping=te
x-text;!
Missing character: There is no 定 (U+5B9A) in font [lmsans10-regular]:mapping=te
x-text;!
Missing character: There is no 将 (U+5C06) in font [lmsans10-regular]:mapping=te
x-text;!
Missing character: There is no 其 (U+5176) in font [lmsans10-regular]:mapping=te
x-text;!
Missing character: There is no 带 (U+5E26) in font [lmsans10-regular]:mapping=te
x-text;!
Missing character: There is no 入 (U+5165) in font [lmsans10-regular]:mapping=te
x-text;!
Missing character: There is no 式 (U+5F0F) in font [lmsans10-regular]:mapping=te
x-text;!
Missing character: There is no ， (U+FF0C) in font [lmsans10-regular]:mapping=te
x-text;!
Missing character: There is no 可 (U+53EF) in font [lmsans10-regular]:mapping=te
x-text;!
Missing character: There is no 以 (U+4EE5) in font [lmsans10-regular]:mapping=te
x-text;!
Missing character: There is no 得 (U+5F97) in font [lmsans10-regular]:mapping=te
x-text;!
Missing character: There is no 到 (U+5230) in font [lmsans10-regular]:mapping=te
x-text;!
Missing character: There is no 基 (U+57FA) in font [lmsans10-regular]:mapping=te
x-text;!
Missing character: There is no 态 (U+6001) in font [lmsans10-regular]:mapping=te
x-text;!
Missing character: There is no 能 (U+80FD) in font [lmsans10-regular]:mapping=te
x-text;!
Missing character: There is no 量 (U+91CF) in font [lmsans10-regular]:mapping=te
x-text;!
Missing character: There is no 代 (U+4EE3) in font [lmsans8-regular]:mapping=tex
-text;!
Missing character: There is no 数 (U+6570) in font [lmsans8-regular]:mapping=tex
-text;!
Missing character: There is no 法 (U+6CD5) in font [lmsans8-regular]:mapping=tex
-text;!
 [9

]
Missing character: There is no 这 (U+8FD9) in font [lmsans10-regular]:mapping=te
x-text;!
Missing character: There is no 样 (U+6837) in font [lmsans10-regular]:mapping=te
x-text;!
Missing character: There is no 我 (U+6211) in font [lmsans10-regular]:mapping=te
x-text;!
Missing character: There is no 们 (U+4EEC) in font [lmsans10-regular]:mapping=te
x-text;!
Missing character: There is no 就 (U+5C31) in font [lmsans10-regular]:mapping=te
x-text;!
Missing character: There is no 可 (U+53EF) in font [lmsans10-regular]:mapping=te
x-text;!
Missing character: There is no 以 (U+4EE5) in font [lmsans10-regular]:mapping=te
x-text;!
Missing character: There is no 通 (U+901A) in font [lmsans10-regular]:mapping=te
x-text;!
Missing character: There is no 过 (U+8FC7) in font [lmsans10-regular]:mapping=te
x-text;!
Missing character: There is no 将 (U+5C06) in font [lmsans10-regular]:mapping=te
x-text;!
Missing character: There is no 升 (U+5347) in font [lmsans10-regular]:mapping=te
x-text;!
Missing character: There is no 降 (U+964D) in font [lmsans10-regular]:mapping=te
x-text;!
Missing character: There is no 阶 (U+9636) in font [lmsans10-regular]:mapping=te
x-text;!
Missing character: There is no 算 (U+7B97) in font [lmsans10-regular]:mapping=te
x-text;!
Missing character: There is no 符 (U+7B26) in font [lmsans10-regular]:mapping=te
x-text;!
Missing character: There is no 作 (U+4F5C) in font [lmsans10-regular]:mapping=te
x-text;!
Missing character: There is no 用 (U+7528) in font [lmsans10-regular]:mapping=te
x-text;!
Missing character: There is no 于 (U+4E8E) in font [lmsans10-regular]:mapping=te
x-text;!
Missing character: There is no 原 (U+539F) in font [lmsans10-regular]:mapping=te
x-text;!
Missing character: There is no 则 (U+5219) in font [lmsans10-regular]:mapping=te
x-text;!
Missing character: There is no 上 (U+4E0A) in font [lmsans10-regular]:mapping=te
x-text;!
Missing character: There is no 能 (U+80FD) in font [lmsans10-regular]:mapping=te
x-text;!
Missing character: There is no 够 (U+591F) in font [lmsans10-regular]:mapping=te
x-text;!
Missing character: There is no 得 (U+5F97) in font [lmsans10-regular]:mapping=te
x-text;!
Missing character: There is no 到 (U+5230) in font [lmsans10-regular]:mapping=te
x-text;!
Missing character: There is no 谐 (U+8C10) in font [lmsans10-regular]:mapping=te
x-text;!
Missing character: There is no 振 (U+632F) in font [lmsans10-regular]:mapping=te
x-text;!
Missing character: There is no 子 (U+5B50) in font [lmsans10-regular]:mapping=te
x-text;!
Missing character: There is no 的 (U+7684) in font [lmsans10-regular]:mapping=te
x-text;!
Missing character: There is no 所 (U+6240) in font [lmsans10-regular]:mapping=te
x-text;!
Missing character: There is no 有 (U+6709) in font [lmsans10-regular]:mapping=te
x-text;!
Missing character: There is no 定 (U+5B9A) in font [lmsans10-regular]:mapping=te
x-text;!
Missing character: There is no 态 (U+6001) in font [lmsans10-regular]:mapping=te
x-text;!
Missing character: There is no 接 (U+63A5) in font [lmsans10-regular]:mapping=te
x-text;!
Missing character: There is no 下 (U+4E0B) in font [lmsans10-regular]:mapping=te
x-text;!
Missing character: There is no 来 (U+6765) in font [lmsans10-regular]:mapping=te
x-text;!
Missing character: There is no 求 (U+6C42) in font [lmsans10-regular]:mapping=te
x-text;!
Missing character: There is no 解 (U+89E3) in font [lmsans10-regular]:mapping=te
x-text;!
Missing character: There is no 归 (U+5F52) in font [lmsans10-regular]:mapping=te
x-text;!
Missing character: There is no 一 (U+4E00) in font [lmsans10-regular]:mapping=te
x-text;!
Missing character: There is no 化 (U+5316) in font [lmsans10-regular]:mapping=te
x-text;!
Missing character: There is no 常 (U+5E38) in font [lmsans10-regular]:mapping=te
x-text;!
Missing character: There is no 数 (U+6570) in font [lmsans10-regular]:mapping=te
x-text;!
Missing character: There is no 代 (U+4EE3) in font [lmsans8-regular]:mapping=tex
-text;!
Missing character: There is no 数 (U+6570) in font [lmsans8-regular]:mapping=tex
-text;!
Missing character: There is no 法 (U+6CD5) in font [lmsans8-regular]:mapping=tex
-text;!
 [10

]
Missing character: There is no 根 (U+6839) in font [lmsans10-regular]:mapping=te
x-text;!
Missing character: There is no 据 (U+636E) in font [lmsans10-regular]:mapping=te
x-text;!
Missing character: There is no 上 (U+4E0A) in font [lmsans10-regular]:mapping=te
x-text;!
Missing character: There is no 式 (U+5F0F) in font [lmsans10-regular]:mapping=te
x-text;!
Missing character: There is no ， (U+FF0C) in font [lmsans10-regular]:mapping=te
x-text;!
Missing character: There is no 我 (U+6211) in font [lmsans10-regular]:mapping=te
x-text;!
Missing character: There is no 们 (U+4EEC) in font [lmsans10-regular]:mapping=te
x-text;!
Missing character: There is no 可 (U+53EF) in font [lmsans10-regular]:mapping=te
x-text;!
Missing character: There is no 以 (U+4EE5) in font [lmsans10-regular]:mapping=te
x-text;!
Missing character: There is no 得 (U+5F97) in font [lmsans10-regular]:mapping=te
x-text;!
Missing character: There is no 知 (U+77E5) in font [lmsans10-regular]:mapping=te
x-text;!
Missing character: There is no 正 (U+6B63) in font [lmsans10-regular]:mapping=te
x-text;!
Missing character: There is no 比 (U+6BD4) in font [lmsans10-regular]:mapping=te
x-text;!
Missing character: There is no 于 (U+4E8E) in font [lmsans10-regular]:mapping=te
x-text;!
Missing character: There is no 即 (U+5373) in font [lmsans10-regular]:mapping=te
x-text;!
Missing character: There is no 注 (U+6CE8) in font [lmsans10-regular]:mapping=te
x-text;!
Missing character: There is no 意 (U+610F) in font [lmsans10-regular]:mapping=te
x-text;!
Missing character: There is no 到 (U+5230) in font [lmsans10-regular]:mapping=te
x-text;!
Missing character: There is no ， (U+FF0C) in font [lmsans10-regular]:mapping=te
x-text;!
Missing character: There is no 对 (U+5BF9) in font [lmsans10-regular]:mapping=te
x-text;!
Missing character: There is no 于 (U+4E8E) in font [lmsans10-regular]:mapping=te
x-text;!
Missing character: There is no 任 (U+4EFB) in font [lmsans10-regular]:mapping=te
x-text;!
Missing character: There is no 何 (U+4F55) in font [lmsans10-regular]:mapping=te
x-text;!
Missing character: There is no 可 (U+53EF) in font [lmsans10-regular]:mapping=te
x-text;!
Missing character: There is no 积 (U+79EF) in font [lmsans10-regular]:mapping=te
x-text;!
Missing character: There is no 函 (U+51FD) in font [lmsans10-regular]:mapping=te
x-text;!
Missing character: There is no 数 (U+6570) in font [lmsans10-regular]:mapping=te
x-text;!
Missing character: There is no 和 (U+548C) in font [lmsans10-regular]:mapping=te
x-text;!
Missing character: There is no 即 (U+5373) in font [lmsans10-regular]:mapping=te
x-text;!
Missing character: There is no 是 (U+662F) in font [lmsans10-regular]:mapping=te
x-text;!
Missing character: There is no 的 (U+7684) in font [lmsans10-regular]:mapping=te
x-text;!
Missing character: There is no 厄 (U+5384) in font [lmsans10-regular]:mapping=te
x-text;!
Missing character: There is no 密 (U+5BC6) in font [lmsans10-regular]:mapping=te
x-text;!
Missing character: There is no 共 (U+5171) in font [lmsans10-regular]:mapping=te
x-text;!
Missing character: There is no 轭 (U+8F6D) in font [lmsans10-regular]:mapping=te
x-text;!
Missing character: There is no ， (U+FF0C) in font [lmsans10-regular]:mapping=te
x-text;!
Missing character: There is no 证 (U+8BC1) in font [lmsans10-regular]:mapping=te
x-text;!
Missing character: There is no 明 (U+660E) in font [lmsans10-regular]:mapping=te
x-text;!
Missing character: There is no 如 (U+5982) in font [lmsans10-regular]:mapping=te
x-text;!
Missing character: There is no 下 (U+4E0B) in font [lmsans10-regular]:mapping=te
x-text;!
Missing character: There is no 代 (U+4EE3) in font [lmsans8-regular]:mapping=tex
-text;!
Missing character: There is no 数 (U+6570) in font [lmsans8-regular]:mapping=tex
-text;!
Missing character: There is no 法 (U+6CD5) in font [lmsans8-regular]:mapping=tex
-text;!
 [11

]
Missing character: There is no 根 (U+6839) in font [lmsans10-regular]:mapping=te
x-text;!
Missing character: There is no 据 (U+636E) in font [lmsans10-regular]:mapping=te
x-text;!
Missing character: There is no 上 (U+4E0A) in font [lmsans10-regular]:mapping=te
x-text;!
Missing character: There is no 式 (U+5F0F) in font [lmsans10-regular]:mapping=te
x-text;!
Missing character: There is no ， (U+FF0C) in font [lmsans10-regular]:mapping=te
x-text;!
Missing character: There is no 特 (U+7279) in font [lmsans10-regular]:mapping=te
x-text;!
Missing character: There is no 别 (U+522B) in font [lmsans10-regular]:mapping=te
x-text;!
Missing character: There is no 有 (U+6709) in font [lmsans10-regular]:mapping=te
x-text;!
Missing character: There is no 由 (U+7531) in font [lmsans10-regular]:mapping=te
x-text;!
Missing character: There is no 与 (U+4E0E) in font [lmsans10-regular]:mapping=te
x-text;!
Missing character: There is no 式 (U+5F0F) in font [lmsans10-regular]:mapping=te
x-text;!
Missing character: There is no 可 (U+53EF) in font [lmsans10-regular]:mapping=te
x-text;!
Missing character: There is no 以 (U+4EE5) in font [lmsans10-regular]:mapping=te
x-text;!
Missing character: There is no 得 (U+5F97) in font [lmsans10-regular]:mapping=te
x-text;!
Missing character: There is no 到 (U+5230) in font [lmsans10-regular]:mapping=te
x-text;!
Missing character: There is no 所 (U+6240) in font [lmsans10-regular]:mapping=te
x-text;!
Missing character: There is no 以 (U+4EE5) in font [lmsans10-regular]:mapping=te
x-text;!
Missing character: There is no 代 (U+4EE3) in font [lmsans8-regular]:mapping=tex
-text;!
Missing character: There is no 数 (U+6570) in font [lmsans8-regular]:mapping=tex
-text;!
Missing character: There is no 法 (U+6CD5) in font [lmsans8-regular]:mapping=tex
-text;!
 [12

]
Missing character: There is no 根 (U+6839) in font [lmsans10-regular]:mapping=te
x-text;!
Missing character: There is no 据 (U+636E) in font [lmsans10-regular]:mapping=te
x-text;!
Missing character: There is no 上 (U+4E0A) in font [lmsans10-regular]:mapping=te
x-text;!
Missing character: There is no 式 (U+5F0F) in font [lmsans10-regular]:mapping=te
x-text;!
Missing character: There is no 可 (U+53EF) in font [lmsans10-regular]:mapping=te
x-text;!
Missing character: There is no 以 (U+4EE5) in font [lmsans10-regular]:mapping=te
x-text;!
Missing character: There is no 得 (U+5F97) in font [lmsans10-regular]:mapping=te
x-text;!
Missing character: There is no 到 (U+5230) in font [lmsans10-regular]:mapping=te
x-text;!
Missing character: There is no 与 (U+4E0E) in font [lmsans10-regular]:mapping=te
x-text;!
Missing character: There is no 即 (U+5373) in font [lmsans10-regular]:mapping=te
x-text;!
Missing character: There is no 这 (U+8FD9) in font [lmsans10-regular]:mapping=te
x-text;!
Missing character: There is no 样 (U+6837) in font [lmsans10-regular]:mapping=te
x-text;!
Missing character: There is no 就 (U+5C31) in font [lmsans10-regular]:mapping=te
x-text;!
Missing character: There is no 有 (U+6709) in font [lmsans10-regular]:mapping=te
x-text;!
Missing character: There is no 依 (U+4F9D) in font [lmsans10-regular]:mapping=te
x-text;!
Missing character: There is no 此 (U+6B64) in font [lmsans10-regular]:mapping=te
x-text;!
Missing character: There is no 类 (U+7C7B) in font [lmsans10-regular]:mapping=te
x-text;!
Missing character: There is no 推 (U+63A8) in font [lmsans10-regular]:mapping=te
x-text;!
Missing character: There is no 代 (U+4EE3) in font [lmsans8-regular]:mapping=tex
-text;!
Missing character: There is no 数 (U+6570) in font [lmsans8-regular]:mapping=tex
-text;!
Missing character: There is no 法 (U+6CD5) in font [lmsans8-regular]:mapping=tex
-text;!
 [13

]
Missing character: There is no 回 (U+56DE) in font [lmsans10-regular]:mapping=te
x-text;!
Missing character: There is no 到 (U+5230) in font [lmsans10-regular]:mapping=te
x-text;!
Missing character: There is no 谐 (U+8C10) in font [lmsans10-regular]:mapping=te
x-text;!
Missing character: There is no 振 (U+632F) in font [lmsans10-regular]:mapping=te
x-text;!
Missing character: There is no 子 (U+5B50) in font [lmsans10-regular]:mapping=te
x-text;!
Missing character: There is no 的 (U+7684) in font [lmsans10-regular]:mapping=te
x-text;!
Missing character: There is no 薛 (U+859B) in font [lmsans10-regular]:mapping=te
x-text;!
Missing character: There is no 定 (U+5B9A) in font [lmsans10-regular]:mapping=te
x-text;!
Missing character: There is no 谔 (U+8C14) in font [lmsans10-regular]:mapping=te
x-text;!
Missing character: There is no 方 (U+65B9) in font [lmsans10-regular]:mapping=te
x-text;!
Missing character: There is no 程 (U+7A0B) in font [lmsans10-regular]:mapping=te
x-text;!
Missing character: There is no 引 (U+5F15) in font [lmsans10-regular]:mapping=te
x-text;!
Missing character: There is no 入 (U+5165) in font [lmsans10-regular]:mapping=te
x-text;!
Missing character: There is no 无 (U+65E0) in font [lmsans10-regular]:mapping=te
x-text;!
Missing character: There is no 量 (U+91CF) in font [lmsans10-regular]:mapping=te
x-text;!
Missing character: There is no 纲 (U+7EB2) in font [lmsans10-regular]:mapping=te
x-text;!
Missing character: There is no 变 (U+53D8) in font [lmsans10-regular]:mapping=te
x-text;!
Missing character: There is no 量 (U+91CF) in font [lmsans10-regular]:mapping=te
x-text;!
Missing character: There is no 此 (U+6B64) in font [lmsans10-regular]:mapping=te
x-text;!
Missing character: There is no 时 (U+65F6) in font [lmsans10-regular]:mapping=te
x-text;!
Missing character: There is no ， (U+FF0C) in font [lmsans10-regular]:mapping=te
x-text;!
Missing character: There is no 薛 (U+859B) in font [lmsans10-regular]:mapping=te
x-text;!
Missing character: There is no 定 (U+5B9A) in font [lmsans10-regular]:mapping=te
x-text;!
Missing character: There is no 谔 (U+8C14) in font [lmsans10-regular]:mapping=te
x-text;!
Missing character: There is no 方 (U+65B9) in font [lmsans10-regular]:mapping=te
x-text;!
Missing character: There is no 程 (U+7A0B) in font [lmsans10-regular]:mapping=te
x-text;!
Missing character: There is no 可 (U+53EF) in font [lmsans10-regular]:mapping=te
x-text;!
Missing character: There is no 以 (U+4EE5) in font [lmsans10-regular]:mapping=te
x-text;!
Missing character: There is no 写 (U+5199) in font [lmsans10-regular]:mapping=te
x-text;!
Missing character: There is no 为 (U+4E3A) in font [lmsans10-regular]:mapping=te
x-text;!
Missing character: There is no 其 (U+5176) in font [lmsans10-regular]:mapping=te
x-text;!
Missing character: There is no 中 (U+4E2D) in font [lmsans10-regular]:mapping=te
x-text;!
Missing character: There is no 解 (U+89E3) in font [lmsans12-regular]:mapping=te
x-text;!
Missing character: There is no 析 (U+6790) in font [lmsans12-regular]:mapping=te
x-text;!
Missing character: There is no 法 (U+6CD5) in font [lmsans12-regular]:mapping=te
x-text;!
Missing character: There is no 解 (U+89E3) in font [lmsans8-regular]:mapping=tex
-text;!
Missing character: There is no 析 (U+6790) in font [lmsans8-regular]:mapping=tex
-text;!
Missing character: There is no 法 (U+6CD5) in font [lmsans8-regular]:mapping=tex
-text;!
 [14

]
Missing character: There is no 若 (U+82E5) in font [lmsans10-regular]:mapping=te
x-text;!
Missing character: There is no 很 (U+5F88) in font [lmsans10-regular]:mapping=te
x-text;!
Missing character: There is no 大 (U+5927) in font [lmsans10-regular]:mapping=te
x-text;!
Missing character: There is no ， (U+FF0C) in font [lmsans10-regular]:mapping=te
x-text;!
Missing character: There is no 则 (U+5219) in font [lmsans10-regular]:mapping=te
x-text;!
Missing character: There is no 可 (U+53EF) in font [lmsans10-regular]:mapping=te
x-text;!
Missing character: There is no 以 (U+4EE5) in font [lmsans10-regular]:mapping=te
x-text;!
Missing character: There is no 略 (U+7565) in font [lmsans10-regular]:mapping=te
x-text;!
Missing character: There is no 去 (U+53BB) in font [lmsans10-regular]:mapping=te
x-text;!
Missing character: There is no 含 (U+542B) in font [lmsans10-regular]:mapping=te
x-text;!
Missing character: There is no 的 (U+7684) in font [lmsans10-regular]:mapping=te
x-text;!
Missing character: There is no 项 (U+9879) in font [lmsans10-regular]:mapping=te
x-text;!
Missing character: There is no ， (U+FF0C) in font [lmsans10-regular]:mapping=te
x-text;!
Missing character: There is no 即 (U+5373) in font [lmsans10-regular]:mapping=te
x-text;!
Missing character: There is no 在 (U+5728) in font [lmsans10-regular]:mapping=te
x-text;!
Missing character: There is no 这 (U+8FD9) in font [lmsans10-regular]:mapping=te
x-text;!
Missing character: There is no 样 (U+6837) in font [lmsans10-regular]:mapping=te
x-text;!
Missing character: There is no 的 (U+7684) in font [lmsans10-regular]:mapping=te
x-text;!
Missing character: There is no 区 (U+533A) in font [lmsans10-regular]:mapping=te
x-text;!
Missing character: There is no 域 (U+57DF) in font [lmsans10-regular]:mapping=te
x-text;!
Missing character: There is no 里 (U+91CC) in font [lmsans10-regular]:mapping=te
x-text;!
Missing character: There is no 其 (U+5176) in font [lmsans10-regular]:mapping=te
x-text;!
Missing character: There is no 近 (U+8FD1) in font [lmsans10-regular]:mapping=te
x-text;!
Missing character: There is no 似 (U+4F3C) in font [lmsans10-regular]:mapping=te
x-text;!
Missing character: There is no 解 (U+89E3) in font [lmsans10-regular]:mapping=te
x-text;!
Missing character: There is no 含 (U+542B) in font [lmsans10-regular]:mapping=te
x-text;!
Missing character: There is no 的 (U+7684) in font [lmsans10-regular]:mapping=te
x-text;!
Missing character: There is no 项 (U+9879) in font [lmsans10-regular]:mapping=te
x-text;!
Missing character: There is no 不 (U+4E0D) in font [lmsans10-regular]:mapping=te
x-text;!
Missing character: There is no 能 (U+80FD) in font [lmsans10-regular]:mapping=te
x-text;!
Missing character: There is no 归 (U+5F52) in font [lmsans10-regular]:mapping=te
x-text;!
Missing character: There is no 一 (U+4E00) in font [lmsans10-regular]:mapping=te
x-text;!
Missing character: There is no 化 (U+5316) in font [lmsans10-regular]:mapping=te
x-text;!
Missing character: There is no ， (U+FF0C) in font [lmsans10-regular]:mapping=te
x-text;!
Missing character: There is no 所 (U+6240) in font [lmsans10-regular]:mapping=te
x-text;!
Missing character: There is no 以 (U+4EE5) in font [lmsans10-regular]:mapping=te
x-text;!
Missing character: There is no ， (U+FF0C) in font [lmsans10-regular]:mapping=te
x-text;!
Missing character: There is no 物 (U+7269) in font [lmsans10-regular]:mapping=te
x-text;!
Missing character: There is no 理 (U+7406) in font [lmsans10-regular]:mapping=te
x-text;!
Missing character: There is no 上 (U+4E0A) in font [lmsans10-regular]:mapping=te
x-text;!
Missing character: There is no 可 (U+53EF) in font [lmsans10-regular]:mapping=te
x-text;!
Missing character: There is no 接 (U+63A5) in font [lmsans10-regular]:mapping=te
x-text;!
Missing character: There is no 受 (U+53D7) in font [lmsans10-regular]:mapping=te
x-text;!
Missing character: There is no 的 (U+7684) in font [lmsans10-regular]:mapping=te
x-text;!
Missing character: There is no 解 (U+89E3) in font [lmsans10-regular]:mapping=te
x-text;!
Missing character: There is no 具 (U+5177) in font [lmsans10-regular]:mapping=te
x-text;!
Missing character: There is no 有 (U+6709) in font [lmsans10-regular]:mapping=te
x-text;!
Missing character: There is no 的 (U+7684) in font [lmsans10-regular]:mapping=te
x-text;!
Missing character: There is no 渐 (U+6E10) in font [lmsans10-regular]:mapping=te
x-text;!
Missing character: There is no 进 (U+8FDB) in font [lmsans10-regular]:mapping=te
x-text;!
Missing character: There is no 形 (U+5F62) in font [lmsans10-regular]:mapping=te
x-text;!
Missing character: There is no 式 (U+5F0F) in font [lmsans10-regular]:mapping=te
x-text;!
Missing character: There is no 为 (U+4E3A) in font [lmsans10-regular]:mapping=te
x-text;!
Missing character: There is no 解 (U+89E3) in font [lmsans8-regular]:mapping=tex
-text;!
Missing character: There is no 析 (U+6790) in font [lmsans8-regular]:mapping=tex
-text;!
Missing character: There is no 法 (U+6CD5) in font [lmsans8-regular]:mapping=tex
-text;!
 [15

]
Missing character: There is no 对 (U+5BF9) in font [lmsans10-regular]:mapping=te
x-text;!
Missing character: There is no 上 (U+4E0A) in font [lmsans10-regular]:mapping=te
x-text;!
Missing character: There is no 式 (U+5F0F) in font [lmsans10-regular]:mapping=te
x-text;!
Missing character: There is no 求 (U+6C42) in font [lmsans10-regular]:mapping=te
x-text;!
Missing character: There is no 导 (U+5BFC) in font [lmsans10-regular]:mapping=te
x-text;!
Missing character: There is no 薛 (U+859B) in font [lmsans10-regular]:mapping=te
x-text;!
Missing character: There is no 定 (U+5B9A) in font [lmsans10-regular]:mapping=te
x-text;!
Missing character: There is no 谔 (U+8C14) in font [lmsans10-regular]:mapping=te
x-text;!
Missing character: There is no 方 (U+65B9) in font [lmsans10-regular]:mapping=te
x-text;!
Missing character: There is no 程 (U+7A0B) in font [lmsans10-regular]:mapping=te
x-text;!
Missing character: There is no 变 (U+53D8) in font [lmsans10-regular]:mapping=te
x-text;!
Missing character: There is no 为 (U+4E3A) in font [lmsans10-regular]:mapping=te
x-text;!
Missing character: There is no 现 (U+73B0) in font [lmsans10-regular]:mapping=te
x-text;!
Missing character: There is no 在 (U+5728) in font [lmsans10-regular]:mapping=te
x-text;!
Missing character: There is no 来 (U+6765) in font [lmsans10-regular]:mapping=te
x-text;!
Missing character: There is no 寻 (U+5BFB) in font [lmsans10-regular]:mapping=te
x-text;!
Missing character: There is no 求 (U+6C42) in font [lmsans10-regular]:mapping=te
x-text;!
Missing character: There is no 上 (U+4E0A) in font [lmsans10-regular]:mapping=te
x-text;!
Missing character: There is no 式 (U+5F0F) in font [lmsans10-regular]:mapping=te
x-text;!
Missing character: There is no 的 (U+7684) in font [lmsans10-regular]:mapping=te
x-text;!
Missing character: There is no 幂 (U+5E42) in font [lmsans10-regular]:mapping=te
x-text;!
Missing character: There is no 级 (U+7EA7) in font [lmsans10-regular]:mapping=te
x-text;!
Missing character: There is no 数 (U+6570) in font [lmsans10-regular]:mapping=te
x-text;!
Missing character: There is no 解 (U+89E3) in font [lmsans10-regular]:mapping=te
x-text;!
Missing character: There is no 解 (U+89E3) in font [lmsans8-regular]:mapping=tex
-text;!
Missing character: There is no 析 (U+6790) in font [lmsans8-regular]:mapping=tex
-text;!
Missing character: There is no 法 (U+6CD5) in font [lmsans8-regular]:mapping=tex
-text;!

[16

]
Missing character: There is no 对 (U+5BF9) in font [lmsans10-regular]:mapping=te
x-text;!
Missing character: There is no 该 (U+8BE5) in font [lmsans10-regular]:mapping=te
x-text;!
Missing character: There is no 级 (U+7EA7) in font [lmsans10-regular]:mapping=te
x-text;!
Missing character: There is no 数 (U+6570) in font [lmsans10-regular]:mapping=te
x-text;!
Missing character: There is no 逐 (U+9010) in font [lmsans10-regular]:mapping=te
x-text;!
Missing character: There is no 项 (U+9879) in font [lmsans10-regular]:mapping=te
x-text;!
Missing character: There is no 求 (U+6C42) in font [lmsans10-regular]:mapping=te
x-text;!
Missing character: There is no 导 (U+5BFC) in font [lmsans10-regular]:mapping=te
x-text;!
Missing character: There is no 将 (U+5C06) in font [lmsans10-regular]:mapping=te
x-text;!
Missing character: There is no 这 (U+8FD9) in font [lmsans10-regular]:mapping=te
x-text;!
Missing character: There is no 些 (U+4E9B) in font [lmsans10-regular]:mapping=te
x-text;!
Missing character: There is no 带 (U+5E26) in font [lmsans10-regular]:mapping=te
x-text;!
Missing character: There is no 入 (U+5165) in font [lmsans10-regular]:mapping=te
x-text;!
Missing character: There is no 式 (U+5F0F) in font [lmsans10-regular]:mapping=te
x-text;!
Missing character: There is no ， (U+FF0C) in font [lmsans10-regular]:mapping=te
x-text;!
Missing character: There is no 可 (U+53EF) in font [lmsans10-regular]:mapping=te
x-text;!
Missing character: There is no 得 (U+5F97) in font [lmsans10-regular]:mapping=te
x-text;!
Missing character: There is no 解 (U+89E3) in font [lmsans8-regular]:mapping=tex
-text;!
Missing character: There is no 析 (U+6790) in font [lmsans8-regular]:mapping=tex
-text;!
Missing character: There is no 法 (U+6CD5) in font [lmsans8-regular]:mapping=tex
-text;!
 [17

]
Missing character: There is no 要 (U+8981) in font [lmsans10-regular]:mapping=te
x-text;!
Missing character: There is no 使 (U+4F7F) in font [lmsans10-regular]:mapping=te
x-text;!
Missing character: There is no 上 (U+4E0A) in font [lmsans10-regular]:mapping=te
x-text;!
Missing character: There is no 式 (U+5F0F) in font [lmsans10-regular]:mapping=te
x-text;!
Missing character: There is no 成 (U+6210) in font [lmsans10-regular]:mapping=te
x-text;!
Missing character: There is no 立 (U+7ACB) in font [lmsans10-regular]:mapping=te
x-text;!
Missing character: There is no ， (U+FF0C) in font [lmsans10-regular]:mapping=te
x-text;!
Missing character: There is no 由 (U+7531) in font [lmsans10-regular]:mapping=te
x-text;!
Missing character: There is no 幂 (U+5E42) in font [lmsans10-regular]:mapping=te
x-text;!
Missing character: There is no 级 (U+7EA7) in font [lmsans10-regular]:mapping=te
x-text;!
Missing character: There is no 数 (U+6570) in font [lmsans10-regular]:mapping=te
x-text;!
Missing character: There is no 展 (U+5C55) in font [lmsans10-regular]:mapping=te
x-text;!
Missing character: There is no 开 (U+5F00) in font [lmsans10-regular]:mapping=te
x-text;!
Missing character: There is no 的 (U+7684) in font [lmsans10-regular]:mapping=te
x-text;!
Missing character: There is no 唯 (U+552F) in font [lmsans10-regular]:mapping=te
x-text;!
Missing character: There is no 一 (U+4E00) in font [lmsans10-regular]:mapping=te
x-text;!
Missing character: There is no 性 (U+6027) in font [lmsans10-regular]:mapping=te
x-text;!
Missing character: There is no ， (U+FF0C) in font [lmsans10-regular]:mapping=te
x-text;!
Missing character: There is no 每 (U+6BCF) in font [lmsans10-regular]:mapping=te
x-text;!
Missing character: There is no 一 (U+4E00) in font [lmsans10-regular]:mapping=te
x-text;!
Missing character: There is no 个 (U+4E2A) in font [lmsans10-regular]:mapping=te
x-text;!
Missing character: There is no 幂 (U+5E42) in font [lmsans10-regular]:mapping=te
x-text;!
Missing character: There is no 次 (U+6B21) in font [lmsans10-regular]:mapping=te
x-text;!
Missing character: There is no 前 (U+524D) in font [lmsans10-regular]:mapping=te
x-text;!
Missing character: There is no 的 (U+7684) in font [lmsans10-regular]:mapping=te
x-text;!
Missing character: There is no 系 (U+7CFB) in font [lmsans10-regular]:mapping=te
x-text;!
Missing character: There is no 数 (U+6570) in font [lmsans10-regular]:mapping=te
x-text;!
Missing character: There is no 必 (U+5FC5) in font [lmsans10-regular]:mapping=te
x-text;!
Missing character: There is no 须 (U+987B) in font [lmsans10-regular]:mapping=te
x-text;!
Missing character: There is no 为 (U+4E3A) in font [lmsans10-regular]:mapping=te
x-text;!
Missing character: There is no 零 (U+96F6) in font [lmsans10-regular]:mapping=te
x-text;!
Missing character: There is no 因 (U+56E0) in font [lmsans10-regular]:mapping=te
x-text;!
Missing character: There is no 此 (U+6B64) in font [lmsans10-regular]:mapping=te
x-text;!
Missing character: There is no 这 (U+8FD9) in font [lmsans10-regular]:mapping=te
x-text;!
Missing character: There is no 个 (U+4E2A) in font [lmsans10-regular]:mapping=te
x-text;!
Missing character: There is no 递 (U+9012) in font [lmsans10-regular]:mapping=te
x-text;!
Missing character: There is no 推 (U+63A8) in font [lmsans10-regular]:mapping=te
x-text;!
Missing character: There is no 公 (U+516C) in font [lmsans10-regular]:mapping=te
x-text;!
Missing character: There is no 式 (U+5F0F) in font [lmsans10-regular]:mapping=te
x-text;!
Missing character: There is no 完 (U+5B8C) in font [lmsans10-regular]:mapping=te
x-text;!
Missing character: There is no 全 (U+5168) in font [lmsans10-regular]:mapping=te
x-text;!
Missing character: There is no 等 (U+7B49) in font [lmsans10-regular]:mapping=te
x-text;!
Missing character: There is no 价 (U+4EF7) in font [lmsans10-regular]:mapping=te
x-text;!
Missing character: There is no 于 (U+4E8E) in font [lmsans10-regular]:mapping=te
x-text;!
Missing character: There is no 薛 (U+859B) in font [lmsans10-regular]:mapping=te
x-text;!
Missing character: There is no 定 (U+5B9A) in font [lmsans10-regular]:mapping=te
x-text;!
Missing character: There is no 谔 (U+8C14) in font [lmsans10-regular]:mapping=te
x-text;!
Missing character: There is no 方 (U+65B9) in font [lmsans10-regular]:mapping=te
x-text;!
Missing character: There is no 程 (U+7A0B) in font [lmsans10-regular]:mapping=te
x-text;!
Missing character: There is no ， (U+FF0C) in font [lmsans10-regular]:mapping=te
x-text;!
Missing character: There is no 从 (U+4ECE) in font [lmsans10-regular]:mapping=te
x-text;!
Missing character: There is no 开 (U+5F00) in font [lmsans10-regular]:mapping=te
x-text;!
Missing character: There is no 始 (U+59CB) in font [lmsans10-regular]:mapping=te
x-text;!
Missing character: There is no ， (U+FF0C) in font [lmsans10-regular]:mapping=te
x-text;!
Missing character: There is no 可 (U+53EF) in font [lmsans10-regular]:mapping=te
x-text;!
Missing character: There is no 以 (U+4EE5) in font [lmsans10-regular]:mapping=te
x-text;!
Missing character: There is no 给 (U+7ED9) in font [lmsans10-regular]:mapping=te
x-text;!
Missing character: There is no 出 (U+51FA) in font [lmsans10-regular]:mapping=te
x-text;!
Missing character: There is no 所 (U+6240) in font [lmsans10-regular]:mapping=te
x-text;!
Missing character: There is no 有 (U+6709) in font [lmsans10-regular]:mapping=te
x-text;!
Missing character: There is no 的 (U+7684) in font [lmsans10-regular]:mapping=te
x-text;!
Missing character: There is no 偶 (U+5076) in font [lmsans10-regular]:mapping=te
x-text;!
Missing character: There is no 系 (U+7CFB) in font [lmsans10-regular]:mapping=te
x-text;!
Missing character: There is no 数 (U+6570) in font [lmsans10-regular]:mapping=te
x-text;!
Missing character: There is no 从 (U+4ECE) in font [lmsans10-regular]:mapping=te
x-text;!
Missing character: There is no 开 (U+5F00) in font [lmsans10-regular]:mapping=te
x-text;!
Missing character: There is no 始 (U+59CB) in font [lmsans10-regular]:mapping=te
x-text;!
Missing character: There is no ， (U+FF0C) in font [lmsans10-regular]:mapping=te
x-text;!
Missing character: There is no 可 (U+53EF) in font [lmsans10-regular]:mapping=te
x-text;!
Missing character: There is no 以 (U+4EE5) in font [lmsans10-regular]:mapping=te
x-text;!
Missing character: There is no 给 (U+7ED9) in font [lmsans10-regular]:mapping=te
x-text;!
Missing character: There is no 出 (U+51FA) in font [lmsans10-regular]:mapping=te
x-text;!
Missing character: There is no 所 (U+6240) in font [lmsans10-regular]:mapping=te
x-text;!
Missing character: There is no 有 (U+6709) in font [lmsans10-regular]:mapping=te
x-text;!
Missing character: There is no 的 (U+7684) in font [lmsans10-regular]:mapping=te
x-text;!
Missing character: There is no 奇 (U+5947) in font [lmsans10-regular]:mapping=te
x-text;!
Missing character: There is no 系 (U+7CFB) in font [lmsans10-regular]:mapping=te
x-text;!
Missing character: There is no 数 (U+6570) in font [lmsans10-regular]:mapping=te
x-text;!
Missing character: There is no 解 (U+89E3) in font [lmsans8-regular]:mapping=tex
-text;!
Missing character: There is no 析 (U+6790) in font [lmsans8-regular]:mapping=tex
-text;!
Missing character: There is no 法 (U+6CD5) in font [lmsans8-regular]:mapping=tex
-text;!
 [18

]
Missing character: There is no 完 (U+5B8C) in font [lmsans10-regular]:mapping=te
x-text;!
Missing character: There is no 整 (U+6574) in font [lmsans10-regular]:mapping=te
x-text;!
Missing character: There is no 的 (U+7684) in font [lmsans10-regular]:mapping=te
x-text;!
Missing character: There is no 解 (U+89E3) in font [lmsans10-regular]:mapping=te
x-text;!
Missing character: There is no 可 (U+53EF) in font [lmsans10-regular]:mapping=te
x-text;!
Missing character: There is no 以 (U+4EE5) in font [lmsans10-regular]:mapping=te
x-text;!
Missing character: There is no 写 (U+5199) in font [lmsans10-regular]:mapping=te
x-text;!
Missing character: There is no 为 (U+4E3A) in font [lmsans10-regular]:mapping=te
x-text;!
Missing character: There is no 其 (U+5176) in font [lmsans10-regular]:mapping=te
x-text;!
Missing character: There is no 中 (U+4E2D) in font [lmsans10-regular]:mapping=te
x-text;!
Missing character: There is no 对 (U+5BF9) in font [lmsans10-regular]:mapping=te
x-text;!
Missing character: There is no 于 (U+4E8E) in font [lmsans10-regular]:mapping=te
x-text;!
Missing character: There is no 非 (U+975E) in font [lmsans10-regular]:mapping=te
x-text;!
Missing character: There is no 常 (U+5E38) in font [lmsans10-regular]:mapping=te
x-text;!
Missing character: There is no 大 (U+5927) in font [lmsans10-regular]:mapping=te
x-text;!
Missing character: There is no 的 (U+7684) in font [lmsans10-regular]:mapping=te
x-text;!
Missing character: There is no ， (U+FF0C) in font [lmsans10-regular]:mapping=te
x-text;!
Missing character: There is no 递 (U+9012) in font [lmsans10-regular]:mapping=te
x-text;!
Missing character: There is no 推 (U+63A8) in font [lmsans10-regular]:mapping=te
x-text;!
Missing character: There is no 公 (U+516C) in font [lmsans10-regular]:mapping=te
x-text;!
Missing character: There is no 式 (U+5F0F) in font [lmsans10-regular]:mapping=te
x-text;!
Missing character: There is no 变 (U+53D8) in font [lmsans10-regular]:mapping=te
x-text;!
Missing character: There is no 为 (U+4E3A) in font [lmsans10-regular]:mapping=te
x-text;!
Missing character: There is no 其 (U+5176) in font [lmsans10-regular]:mapping=te
x-text;!
Missing character: There is no 近 (U+8FD1) in font [lmsans10-regular]:mapping=te
x-text;!
Missing character: There is no 似 (U+4F3C) in font [lmsans10-regular]:mapping=te
x-text;!
Missing character: There is no 解 (U+89E3) in font [lmsans10-regular]:mapping=te
x-text;!
Missing character: There is no 为 (U+4E3A) in font [lmsans10-regular]:mapping=te
x-text;!
Missing character: There is no 解 (U+89E3) in font [lmsans8-regular]:mapping=tex
-text;!
Missing character: There is no 析 (U+6790) in font [lmsans8-regular]:mapping=tex
-text;!
Missing character: There is no 法 (U+6CD5) in font [lmsans8-regular]:mapping=tex
-text;!
 [19

]
Missing character: There is no 在 (U+5728) in font [lmsans10-regular]:mapping=te
x-text;!
Missing character: There is no 这 (U+8FD9) in font [lmsans10-regular]:mapping=te
x-text;!
Missing character: There is no 种 (U+79CD) in font [lmsans10-regular]:mapping=te
x-text;!
Missing character: There is no 情 (U+60C5) in font [lmsans10-regular]:mapping=te
x-text;!
Missing character: There is no 况 (U+51B5) in font [lmsans10-regular]:mapping=te
x-text;!
Missing character: There is no 下 (U+4E0B) in font [lmsans10-regular]:mapping=te
x-text;!
Missing character: There is no 将 (U+5C06) in font [lmsans10-regular]:mapping=te
x-text;!
Missing character: There is no 导 (U+5BFC) in font [lmsans10-regular]:mapping=te
x-text;!
Missing character: There is no 致 (U+81F4) in font [lmsans10-regular]:mapping=te
x-text;!
Missing character: There is no 此 (U+6B64) in font [lmsans10-regular]:mapping=te
x-text;!
Missing character: There is no 时 (U+65F6) in font [lmsans10-regular]:mapping=te
x-text;!
Missing character: There is no ， (U+FF0C) in font [lmsans10-regular]:mapping=te
x-text;!
Missing character: There is no 根 (U+6839) in font [lmsans10-regular]:mapping=te
x-text;!
Missing character: There is no 据 (U+636E) in font [lmsans10-regular]:mapping=te
x-text;!
Missing character: There is no 式 (U+5F0F) in font [lmsans10-regular]:mapping=te
x-text;!
Missing character: There is no ， (U+FF0C) in font [lmsans10-regular]:mapping=te
x-text;!
Missing character: There is no 的 (U+7684) in font [lmsans10-regular]:mapping=te
x-text;!
Missing character: There is no 行 (U+884C) in font [lmsans10-regular]:mapping=te
x-text;!
Missing character: There is no 为 (U+4E3A) in font [lmsans10-regular]:mapping=te
x-text;!
Missing character: There is no 就 (U+5C31) in font [lmsans10-regular]:mapping=te
x-text;!
Missing character: There is no 是 (U+662F) in font [lmsans10-regular]:mapping=te
x-text;!
Missing character: There is no 无 (U+65E0) in font [lmsans10-regular]:mapping=te
x-text;!
Missing character: There is no 法 (U+6CD5) in font [lmsans10-regular]:mapping=te
x-text;!
Missing character: There is no 归 (U+5F52) in font [lmsans10-regular]:mapping=te
x-text;!
Missing character: There is no 一 (U+4E00) in font [lmsans10-regular]:mapping=te
x-text;!
Missing character: There is no 化 (U+5316) in font [lmsans10-regular]:mapping=te
x-text;!
Missing character: There is no ， (U+FF0C) in font [lmsans10-regular]:mapping=te
x-text;!
Missing character: There is no 我 (U+6211) in font [lmsans10-regular]:mapping=te
x-text;!
Missing character: There is no 们 (U+4EEC) in font [lmsans10-regular]:mapping=te
x-text;!
Missing character: There is no 令 (U+4EE4) in font [lmsans10-regular]:mapping=te
x-text;!
Missing character: There is no 最 (U+6700) in font [lmsans10-regular]:mapping=te
x-text;!
Missing character: There is no 大 (U+5927) in font [lmsans10-regular]:mapping=te
x-text;!
Missing character: There is no 的 (U+7684) in font [lmsans10-regular]:mapping=te
x-text;!
Missing character: There is no 要 (U+8981) in font [lmsans10-regular]:mapping=te
x-text;!
Missing character: There is no 得 (U+5F97) in font [lmsans10-regular]:mapping=te
x-text;!
Missing character: There is no 到 (U+5230) in font [lmsans10-regular]:mapping=te
x-text;!
Missing character: There is no 可 (U+53EF) in font [lmsans10-regular]:mapping=te
x-text;!
Missing character: There is no 接 (U+63A5) in font [lmsans10-regular]:mapping=te
x-text;!
Missing character: There is no 受 (U+53D7) in font [lmsans10-regular]:mapping=te
x-text;!
Missing character: There is no 的 (U+7684) in font [lmsans10-regular]:mapping=te
x-text;!
Missing character: There is no 解 (U+89E3) in font [lmsans10-regular]:mapping=te
x-text;!
Missing character: There is no ， (U+FF0C) in font [lmsans10-regular]:mapping=te
x-text;!
Missing character: There is no 要 (U+8981) in font [lmsans10-regular]:mapping=te
x-text;!
Missing character: There is no 求 (U+6C42) in font [lmsans10-regular]:mapping=te
x-text;!
Missing character: There is no 并 (U+5E76) in font [lmsans10-regular]:mapping=te
x-text;!
Missing character: There is no 且 (U+4E14) in font [lmsans10-regular]:mapping=te
x-text;!
Missing character: There is no 当 (U+5F53) in font [lmsans10-regular]:mapping=te
x-text;!
Missing character: There is no 为 (U+4E3A) in font [lmsans10-regular]:mapping=te
x-text;!
Missing character: There is no 偶 (U+5076) in font [lmsans10-regular]:mapping=te
x-text;!
Missing character: There is no 数 (U+6570) in font [lmsans10-regular]:mapping=te
x-text;!
Missing character: There is no 时 (U+65F6) in font [lmsans10-regular]:mapping=te
x-text;!
Missing character: There is no ， (U+FF0C) in font [lmsans10-regular]:mapping=te
x-text;!
Missing character: There is no 当 (U+5F53) in font [lmsans10-regular]:mapping=te
x-text;!
Missing character: There is no 为 (U+4E3A) in font [lmsans10-regular]:mapping=te
x-text;!
Missing character: There is no 奇 (U+5947) in font [lmsans10-regular]:mapping=te
x-text;!
Missing character: There is no 数 (U+6570) in font [lmsans10-regular]:mapping=te
x-text;!
Missing character: There is no 时 (U+65F6) in font [lmsans10-regular]:mapping=te
x-text;!
Missing character: There is no ， (U+FF0C) in font [lmsans10-regular]:mapping=te
x-text;!
Missing character: There is no 根 (U+6839) in font [lmsans10-regular]:mapping=te
x-text;!
Missing character: There is no 据 (U+636E) in font [lmsans10-regular]:mapping=te
x-text;!
Missing character: There is no 式 (U+5F0F) in font [lmsans10-regular]:mapping=te
x-text;!
Missing character: There is no ， (U+FF0C) in font [lmsans10-regular]:mapping=te
x-text;!
Missing character: There is no 我 (U+6211) in font [lmsans10-regular]:mapping=te
x-text;!
Missing character: There is no 们 (U+4EEC) in font [lmsans10-regular]:mapping=te
x-text;!
Missing character: There is no 可 (U+53EF) in font [lmsans10-regular]:mapping=te
x-text;!
Missing character: There is no 以 (U+4EE5) in font [lmsans10-regular]:mapping=te
x-text;!
Missing character: There is no 知 (U+77E5) in font [lmsans10-regular]:mapping=te
x-text;!
Missing character: There is no 道 (U+9053) in font [lmsans10-regular]:mapping=te
x-text;!
Missing character: There is no 能 (U+80FD) in font [lmsans10-regular]:mapping=te
x-text;!
Missing character: There is no 量 (U+91CF) in font [lmsans10-regular]:mapping=te
x-text;!
Missing character: There is no 必 (U+5FC5) in font [lmsans10-regular]:mapping=te
x-text;!
Missing character: There is no 须 (U+987B) in font [lmsans10-regular]:mapping=te
x-text;!
Missing character: There is no 是 (U+662F) in font [lmsans10-regular]:mapping=te
x-text;!
Missing character: There is no 解 (U+89E3) in font [lmsans8-regular]:mapping=tex
-text;!
Missing character: There is no 析 (U+6790) in font [lmsans8-regular]:mapping=tex
-text;!
Missing character: There is no 法 (U+6CD5) in font [lmsans8-regular]:mapping=tex
-text;!
 [20

]
Missing character: There is no 对 (U+5BF9) in font [lmsans10-regular]:mapping=te
x-text;!
Missing character: There is no 允 (U+5141) in font [lmsans10-regular]:mapping=te
x-text;!
Missing character: There is no 许 (U+8BB8) in font [lmsans10-regular]:mapping=te
x-text;!
Missing character: There is no 的 (U+7684) in font [lmsans10-regular]:mapping=te
x-text;!
Missing character: There is no 值 (U+503C) in font [lmsans10-regular]:mapping=te
x-text;!
Missing character: There is no 递 (U+9012) in font [lmsans10-regular]:mapping=te
x-text;!
Missing character: There is no 推 (U+63A8) in font [lmsans10-regular]:mapping=te
x-text;!
Missing character: There is no 公 (U+516C) in font [lmsans10-regular]:mapping=te
x-text;!
Missing character: There is no 式 (U+5F0F) in font [lmsans10-regular]:mapping=te
x-text;!
Missing character: There is no 为 (U+4E3A) in font [lmsans10-regular]:mapping=te
x-text;!
Missing character: There is no 当 (U+5F53) in font [lmsans10-regular]:mapping=te
x-text;!
Missing character: There is no 时 (U+65F6) in font [lmsans10-regular]:mapping=te
x-text;!
Missing character: There is no 当 (U+5F53) in font [lmsans10-regular]:mapping=te
x-text;!
Missing character: There is no 时 (U+65F6) in font [lmsans10-regular]:mapping=te
x-text;!
Missing character: There is no 当 (U+5F53) in font [lmsans10-regular]:mapping=te
x-text;!
Missing character: There is no 时 (U+65F6) in font [lmsans10-regular]:mapping=te
x-text;!
Missing character: There is no 解 (U+89E3) in font [lmsans8-regular]:mapping=tex
-text;!
Missing character: There is no 析 (U+6790) in font [lmsans8-regular]:mapping=tex
-text;!
Missing character: There is no 法 (U+6CD5) in font [lmsans8-regular]:mapping=tex
-text;!
 [21

]
Missing character: There is no 引 (U+5F15) in font [lmsans10-regular]:mapping=te
x-text;!
Missing character: There is no 入 (U+5165) in font [lmsans10-regular]:mapping=te
x-text;!
Missing character: There is no 厄 (U+5384) in font [lmsans10-regular]:mapping=te
x-text;!
Missing character: There is no 密 (U+5BC6) in font [lmsans10-regular]:mapping=te
x-text;!
Missing character: There is no 多 (U+591A) in font [lmsans10-regular]:mapping=te
x-text;!
Missing character: There is no 项 (U+9879) in font [lmsans10-regular]:mapping=te
x-text;!
Missing character: There is no 式 (U+5F0F) in font [lmsans10-regular]:mapping=te
x-text;!
Missing character: There is no 下 (U+4E0B) in font [lmsans10-regular]:mapping=te
x-text;!
Missing character: There is no 列 (U+5217) in font [lmsans10-regular]:mapping=te
x-text;!
Missing character: There is no 为 (U+4E3A) in font [lmsans10-regular]:mapping=te
x-text;!
Missing character: There is no 厄 (U+5384) in font [lmsans10-regular]:mapping=te
x-text;!
Missing character: There is no 密 (U+5BC6) in font [lmsans10-regular]:mapping=te
x-text;!
Missing character: There is no 多 (U+591A) in font [lmsans10-regular]:mapping=te
x-text;!
Missing character: There is no 项 (U+9879) in font [lmsans10-regular]:mapping=te
x-text;!
Missing character: There is no 式 (U+5F0F) in font [lmsans10-regular]:mapping=te
x-text;!
Missing character: There is no 的 (U+7684) in font [lmsans10-regular]:mapping=te
x-text;!
Missing character: There is no 前 (U+524D) in font [lmsans10-regular]:mapping=te
x-text;!
Missing character: There is no 几 (U+51E0) in font [lmsans10-regular]:mapping=te
x-text;!
Missing character: There is no 项 (U+9879) in font [lmsans10-regular]:mapping=te
x-text;!
Missing character: There is no 解 (U+89E3) in font [lmsans8-regular]:mapping=tex
-text;!
Missing character: There is no 析 (U+6790) in font [lmsans8-regular]:mapping=tex
-text;!
Missing character: There is no 法 (U+6CD5) in font [lmsans8-regular]:mapping=tex
-text;!
 [22

]
Missing character: There is no 厄 (U+5384) in font [lmsans10-regular]:mapping=te
x-text;!
Missing character: There is no 密 (U+5BC6) in font [lmsans10-regular]:mapping=te
x-text;!
Missing character: There is no 多 (U+591A) in font [lmsans10-regular]:mapping=te
x-text;!
Missing character: There is no 项 (U+9879) in font [lmsans10-regular]:mapping=te
x-text;!
Missing character: There is no 式 (U+5F0F) in font [lmsans10-regular]:mapping=te
x-text;!
Missing character: There is no 的 (U+7684) in font [lmsans10-regular]:mapping=te
x-text;!
Missing character: There is no 罗 (U+7F57) in font [lmsans10-regular]:mapping=te
x-text;!
Missing character: There is no 德 (U+5FB7) in font [lmsans10-regular]:mapping=te
x-text;!
Missing character: There is no 里 (U+91CC) in font [lmsans10-regular]:mapping=te
x-text;!
Missing character: There is no 格 (U+683C) in font [lmsans10-regular]:mapping=te
x-text;!
Missing character: There is no 公 (U+516C) in font [lmsans10-regular]:mapping=te
x-text;!
Missing character: There is no 式 (U+5F0F) in font [lmsans10-regular]:mapping=te
x-text;!
Missing character: There is no 厄 (U+5384) in font [lmsans10-regular]:mapping=te
x-text;!
Missing character: There is no 密 (U+5BC6) in font [lmsans10-regular]:mapping=te
x-text;!
Missing character: There is no 多 (U+591A) in font [lmsans10-regular]:mapping=te
x-text;!
Missing character: There is no 项 (U+9879) in font [lmsans10-regular]:mapping=te
x-text;!
Missing character: There is no 式 (U+5F0F) in font [lmsans10-regular]:mapping=te
x-text;!
Missing character: There is no 的 (U+7684) in font [lmsans10-regular]:mapping=te
x-text;!
Missing character: There is no 递 (U+9012) in font [lmsans10-regular]:mapping=te
x-text;!
Missing character: There is no 推 (U+63A8) in font [lmsans10-regular]:mapping=te
x-text;!
Missing character: There is no 关 (U+5173) in font [lmsans10-regular]:mapping=te
x-text;!
Missing character: There is no 系 (U+7CFB) in font [lmsans10-regular]:mapping=te
x-text;!
Missing character: There is no 此 (U+6B64) in font [lmsans10-regular]:mapping=te
x-text;!
Missing character: There is no 时 (U+65F6) in font [lmsans10-regular]:mapping=te
x-text;!
Missing character: There is no 归 (U+5F52) in font [lmsans10-regular]:mapping=te
x-text;!
Missing character: There is no 一 (U+4E00) in font [lmsans10-regular]:mapping=te
x-text;!
Missing character: There is no 化 (U+5316) in font [lmsans10-regular]:mapping=te
x-text;!
Missing character: There is no 的 (U+7684) in font [lmsans10-regular]:mapping=te
x-text;!
Missing character: There is no 谐 (U+8C10) in font [lmsans10-regular]:mapping=te
x-text;!
Missing character: There is no 振 (U+632F) in font [lmsans10-regular]:mapping=te
x-text;!
Missing character: There is no 子 (U+5B50) in font [lmsans10-regular]:mapping=te
x-text;!
Missing character: There is no 定 (U+5B9A) in font [lmsans10-regular]:mapping=te
x-text;!
Missing character: There is no 态 (U+6001) in font [lmsans10-regular]:mapping=te
x-text;!
Missing character: There is no 是 (U+662F) in font [lmsans10-regular]:mapping=te
x-text;!
Missing character: There is no 解 (U+89E3) in font [lmsans8-regular]:mapping=tex
-text;!
Missing character: There is no 析 (U+6790) in font [lmsans8-regular]:mapping=tex
-text;!
Missing character: There is no 法 (U+6CD5) in font [lmsans8-regular]:mapping=tex
-text;!
 [23

]
\tf@nav=\write6
\openout6 = `team5.nav'.

\tf@toc=\write7
\openout7 = `team5.toc'.

\tf@snm=\write8
\openout8 = `team5.snm'.

 (./team5.aux)
Package rerunfilecheck Info: File `team5.out' has not changed.
(rerunfilecheck)             Checksum: 08897A2AB44F14179629C322B470B0CC;134.
 ) 
Here is how much of TeX's memory you used:
 20505 strings out of 476919
 384448 string characters out of 5821840
 703667 words of memory out of 5000000
 40048 multiletter control sequences out of 15000+600000
 408515 words of font info for 55 fonts, out of 8000000 for 9000
 1348 hyphenation exceptions out of 8191
 131i,15n,132p,418b,601s stack positions out of 5000i,500n,10000p,200000b,80000s

Output written on team5.pdf (23 pages).
